vcf_name,sequence_comments,sample_name,batch,lane,short_name,individualID,reef_code,EcoLocationID,site_code,lat,lon,colony_depth,EcoPlotDepthinmeters,reef,site,depth_category,zone,plot,colony_depth_m,colony_size_cm,year,habitat,habitat_full,comments_coords,comments_depth,main cluster,parent_cluster,cluster,sub_cluster,lineage_mito,lineage_wgs,comments_haplotypes
RRAP-ECO03-2023-Shys-OCDA-1812_L2,,RRAP-ECO03-2023-Shys-OCDA-1812,batch1,L2,OCDA-1812,1812,OCDA,OCDA_FL1S,OCDA_FL1S,-18.80563,147.66845,4.8,4.8,Davies,Flank1,5m,Shallow,Plot3,NA,NA,2023,Flank,Flank1,plot coordinates from AG,NA,3,5,5,5,HostB,HostB,HostB
Deepcat-PM-2014-Shys-RUBA-7745_L4,,Deepcat-PM-2014-Shys-RUBA-7745,batch2,L4,RUBA-7745,7745,RUBY,NA,NA,-15.69638889,145.7777778,10,10,Ruby,NA,10m,Shallow,NA,NA,NA,NA,Back,NA,coarse coordinates,coarse category,3,5,5,5,HostB,HostB,HostB
Deepcat-PM-2014-Shys-RUBA-7754_L4,,Deepcat-PM-2014-Shys-RUBA-7754,batch2,L4,RUBA-7754,7754,RUBY,NA,NA,-15.69638889,145.7777778,10,10,Ruby,NA,10m,Shallow,NA,NA,NA,NA,Back,NA,coarse coordinates,coarse category,3,5,5,5,HostB,HostB,HostB
Deepcat-PM-2014-Shys-RUBA-7756_L4,,Deepcat-PM-2014-Shys-RUBA-7756,batch2,L4,RUBA-7756,7756,RUBY,NA,NA,-15.69638889,145.7777778,10,10,Ruby,NA,10m,Shallow,NA,NA,NA,NA,Back,NA,coarse coordinates,coarse category,3,5,5,5,HostB,HostB,HostB
Deepcat-PM-2014-Shys-RUBA-7758_L4,,Deepcat-PM-2014-Shys-RUBA-7758,batch2,L4,RUBA-7758,7758,RUBY,NA,NA,-15.69638889,145.7777778,10,10,Ruby,NA,10m,Shallow,NA,NA,NA,NA,Back,NA,coarse coordinates,coarse category,3,5,5,5,HostB,HostB,HostB
Deepcat-PM-2014-Shys-RUBA-7757_L4,,Deepcat-PM-2014-Shys-RUBA-7757,batch2,L4,RUBA-7757,7757,RUBY,NA,NA,-15.69638889,145.7777778,10,10,Ruby,NA,10m,Shallow,NA,NA,NA,NA,Back,NA,coarse coordinates,coarse category,3,5,5,5,HostB,HostB,HostB
Deepcat-PM-2014-Shys-RUBA-7746_L4,,Deepcat-PM-2014-Shys-RUBA-7746,batch2,L4,RUBA-7746,7746,RUBY,NA,NA,-15.69638889,145.7777778,10,10,Ruby,NA,10m,Shallow,NA,NA,NA,NA,Back,NA,coarse coordinates,coarse category,3,5,5,5,HostB,HostB,HostB
Deepcat-PM-2014-Shys-RUBA-7761_L4,,Deepcat-PM-2014-Shys-RUBA-7761,batch2,L4,RUBA-7761,7761,RUBY,NA,NA,-15.69638889,145.7777778,10,10,Ruby,NA,10m,Shallow,NA,NA,NA,NA,Back,NA,coarse coordinates,coarse category,3,5,5,5,HostB,HostB,HostB
RRAP-ECO03-2023-Shys-ONLI-3022_L4,,RRAP-ECO03-2023-Shys-ONLI-3022,batch2,L4,ONLI-3022,3022,ONLI,ONLI_PF1S,ONLI_PF1S,-14.696806,145.449889,1.7,1.7,Lizard,NA,5m,Shallow,NA,1.7,20,2023,Flank,Palfrey1,original coordinates,computer depth,3,5,5,5,HostB,HostB,HostB
RRAP-ECO03-2023-Shys-ONLI-3023_L4,,RRAP-ECO03-2023-Shys-ONLI-3023,batch2,L4,ONLI-3023,3023,ONLI,ONLI_PF1S,ONLI_PF1S,-14.696806,145.449889,1.7,1.7,Lizard,NA,5m,Shallow,NA,1.7,>50,2023,Flank,Palfrey1,original coordinates,computer depth,3,5,5,5,HostB,HostB,HostB
RRAP-ECO03-2023-Shys-ONLI-3017_L4,,RRAP-ECO03-2023-Shys-ONLI-3017,batch2,L4,ONLI-3017,3017,ONLI,ONLI_PF1S,ONLI_PF1S,-14.696806,145.449889,2,2,Lizard,NA,5m,Shallow,NA,2,12,2023,Flank,Palfrey1,original coordinates,computer depth,3,5,5,5,HostB,HostB,HostB
RRAP-ECO03-2023-Shys-ONLI-3026_L4,,RRAP-ECO03-2023-Shys-ONLI-3026,batch2,L4,ONLI-3026,3026,ONLI,ONLI_PF1S,ONLI_PF1S,-14.696806,145.449889,2.2,2.2,Lizard,NA,5m,Shallow,NA,2.2,10,2023,Flank,Palfrey1,original coordinates,computer depth,3,5,5,5,HostB,HostB,HostB
RRAP-ECO03-2023-Shys-ONLI-3024_L4,,RRAP-ECO03-2023-Shys-ONLI-3024,batch2,L4,ONLI-3024,3024,ONLI,ONLI_PF1S,ONLI_PF1S,-14.696806,145.449889,2.8,2.8,Lizard,NA,5m,Shallow,NA,2.8,15,2023,Flank,Palfrey1,original coordinates,computer depth,3,5,5,5,HostB,HostB,HostB
RRAP-ECO03-2023-Shys-ONLI-3019_L4,,RRAP-ECO03-2023-Shys-ONLI-3019,batch2,L4,ONLI-3019,3019,ONLI,ONLI_PF1S,ONLI_PF1S,-14.696806,145.449889,3.3,3.3,Lizard,NA,5m,Shallow,NA,3.3,>50,2023,Flank,Palfrey1,original coordinates,computer depth,3,5,5,5,HostB,HostB,HostB
RRAP-ECO03-2023-Shys-ONLI-2919_L4,,RRAP-ECO03-2023-Shys-ONLI-2919,batch2,L4,ONLI-2919,2919,ONLI,ONLI_LA1S,ONLI_LA1S,-14.687707,145.465276,4.4,4.4,Lizard,NA,5m,Shallow,NA,4.4,25,2023,Lagoon,Lagoon1,original coordinates,computer depth,3,5,5,5,HostB,HostB,HostB
RRAP-ECO03-2023-Shys-ONLI-2920_L4,,RRAP-ECO03-2023-Shys-ONLI-2920,batch2,L4,ONLI-2920,2920,ONLI,ONLI_LA1S,ONLI_LA1S,-14.687707,145.465276,5.8,5.8,Lizard,NA,5m,Shallow,NA,5.8,7,2023,Lagoon,Lagoon1,original coordinates,computer depth,3,5,5,5,HostB,HostB,HostB
RRAP-ECO03-2023-Shys-ONLI-2998_L4,,RRAP-ECO03-2023-Shys-ONLI-2998,batch2,L4,ONLI-2998,2998,ONLI,ONLI_LA1S,ONLI_LA1S,-14.686861,145.454972,1.4,1.4,Lizard,NA,5m,Shallow,NA,1.4,20,2023,Lagoon,Lagoon2,original coordinates,computer depth,3,5,5,5,HostB,HostB,HostB
RRAP-ECO03-2023-Shys-ONLI-2990_L4,,RRAP-ECO03-2023-Shys-ONLI-2990,batch2,L4,ONLI-2990,2990,ONLI,ONLI_LA1S,ONLI_LA1S,-14.686861,145.454972,1.4,1.4,Lizard,NA,5m,Shallow,NA,1.4,35,2023,Lagoon,Lagoon2,original coordinates,computer depth,3,5,5,5,HostB,HostB,HostB
RRAP-ECO03-2023-Shys-ONLI-2999_L4,,RRAP-ECO03-2023-Shys-ONLI-2999,batch2,L4,ONLI-2999,2999,ONLI,ONLI_LA1S,ONLI_LA1S,-14.686861,145.454972,1.5,1.5,Lizard,NA,5m,Shallow,NA,1.5,35,2023,Lagoon,Lagoon2,original coordinates,computer depth,3,5,5,5,HostB,HostB,HostB
RRAP-ECO03-2023-Shys-ONLI-3004_L4,,RRAP-ECO03-2023-Shys-ONLI-3004,batch2,L4,ONLI-3004,3004,ONLI,ONLI_TA1S,ONLI_TA1S,-14.685111,145.466972,1.2,1.2,Lizard,NA,5m,Shallow,NA,1.2,>50,2023,Lagoon,Tail1,original coordinates,computer depth,3,5,5,5,HostB,HostB,HostB
RRAP-ECO03-2023-Shys-ONLI-3001_L4,,RRAP-ECO03-2023-Shys-ONLI-3001,batch2,L4,ONLI-3001,3001,ONLI,ONLI_TA1S,ONLI_TA1S,-14.685111,145.466972,1.9,1.9,Lizard,NA,5m,Shallow,NA,1.9,>50,2023,Lagoon,Tail1,original coordinates,computer depth,3,5,5,5,HostB,HostB,HostB
RRAP-ECO03-2023-Shys-ONLI-2949_L4,,RRAP-ECO03-2023-Shys-ONLI-2949,batch2,L4,ONLI-2949,2949,ONLI,ONLI_BV1S,ONLI_BV1S,-14.684389,145.44,2.1,2.1,Lizard,NA,5m,Shallow,NA,2.1,5,2023,Back,BigVicki1,original coordinates,computer depth,3,5,5,5,HostB,HostB,HostB
RRAP-ECO03-2023-Shys-ONLI-2956_L4,,RRAP-ECO03-2023-Shys-ONLI-2956,batch2,L4,ONLI-2956,2956,ONLI,ONLI_BV1S,ONLI_BV1S,-14.684389,145.44,2.5,2.5,Lizard,NA,5m,Shallow,NA,2.5,30,2023,Back,BigVicki1,original coordinates,computer depth,3,5,5,5,HostB,HostB,HostB
RRAP-ECO03-2023-Shys-ONLI-2953_L4,,RRAP-ECO03-2023-Shys-ONLI-2953,batch2,L4,ONLI-2953,2953,ONLI,ONLI_BV1S,ONLI_BV1S,-14.684389,145.44,2.8,2.8,Lizard,NA,5m,Shallow,NA,2.8,25,2023,Back,BigVicki1,original coordinates,computer depth,3,5,5,5,HostB,HostB,HostB
RRAP-ECO03-2023-Shys-ONLI-2979_L4,,RRAP-ECO03-2023-Shys-ONLI-2979,batch2,L4,ONLI-2979,2979,ONLI,ONLI_RB1S,ONLI_RB1S,-14.679194,145.443583,4.7,4.7,Lizard,NA,5m,Shallow,NA,4.7,6,2023,Back,Research1,original coordinates,computer depth,3,5,5,5,HostB,HostB,HostB
RRAP-ECO03-2023-Shys-ONLI-2969_L4,,RRAP-ECO03-2023-Shys-ONLI-2969,batch2,L4,ONLI-2969,2969,ONLI,ONLI_RB1S,ONLI_RB1S,-14.679194,145.443583,4.8,4.8,Lizard,NA,5m,Shallow,NA,4.8,7.5,2023,Back,Research1,original coordinates,computer depth,3,5,5,5,HostB,HostB,HostB
RRAP-ECO03-2023-Shys-ONLI-2968_L4,,RRAP-ECO03-2023-Shys-ONLI-2968,batch2,L4,ONLI-2968,2968,ONLI,ONLI_RB1S,ONLI_RB1S,-14.679194,145.443583,4.9,4.9,Lizard,NA,5m,Shallow,NA,4.9,20,2023,Back,Research1,original coordinates,computer depth,3,5,5,5,HostB,HostB,HostB
RRAP-ECO03-2023-Shys-ONLI-2986_L4,,RRAP-ECO03-2023-Shys-ONLI-2986,batch2,L4,ONLI-2986,2986,ONLI,ONLI_RB1S,ONLI_RB1S,-14.679194,145.443583,6.1,6.1,Lizard,NA,5m,Shallow,NA,6.1,>50,2023,Back,Research1,original coordinates,computer depth,3,5,5,5,HostB,HostB,HostB
Deepcat-PM-2014-Shys-SABA-8037_L4,,Deepcat-PM-2014-Shys-SABA-8037,batch2,L4,SABA-8037,8037,SAUN,NA,NA,-11.47666667,144.0627778,10,10,Saunders,NA,10m,Shallow,NA,NA,NA,NA,Back,NA,coarse coordinates,coarse category,3,5,5,5,HostB,HostB,HostB
Deepcat-PM-2014-Shys-SABA-8039_L4,,Deepcat-PM-2014-Shys-SABA-8039,batch2,L4,SABA-8039,8039,SAUN,NA,NA,-11.47666667,144.0627778,10,10,Saunders,NA,10m,Shallow,NA,NA,NA,NA,Back,NA,coarse coordinates,coarse category,3,5,5,5,HostB,HostB,HostB
Deepcat-PM-2014-Shys-SABA-8038_L4,,Deepcat-PM-2014-Shys-SABA-8038,batch2,L4,SABA-8038,8038,SAUN,NA,NA,-11.47666667,144.0627778,10,10,Saunders,NA,10m,Shallow,NA,NA,NA,NA,Back,NA,coarse coordinates,coarse category,3,5,5,5,HostB,HostB,HostB
RRAP-ECO03-2023-Shys-ONLI-2428_L4,,RRAP-ECO03-2023-Shys-ONLI-2428,batch2,L4,ONLI-2428,2428,ONLI,ONLI_BA2S,ONLI_BA2S,-14.667503,145.4419725,3,NA,Lizard,NA,5m,Shallow,NA,NA,NA,2023,Back,Back2,ONLI_BA2S_P1,NA,3,5,5,5,HostB,HostB,HostB
RRAP-ECO03-2023-Shys-ONLI-2422_L4,,RRAP-ECO03-2023-Shys-ONLI-2422,batch2,L4,ONLI-2422,2422,ONLI,ONLI_BA2S,ONLI_BA2S,-14.667503,145.4419725,3,NA,Lizard,NA,5m,Shallow,NA,NA,NA,2023,Back,Back2,ONLI_BA2S_P1,NA,3,5,5,5,HostB,HostB,HostB
RRAP-ECO03-2023-Shys-ONLI-2433_L4,,RRAP-ECO03-2023-Shys-ONLI-2433,batch2,L4,ONLI-2433,2433,ONLI,ONLI_BA2S,ONLI_BA2S,-14.667503,145.4419725,3,NA,Lizard,NA,5m,Shallow,NA,NA,NA,2023,Back,Back2,ONLI_BA2S_P1,NA,3,5,5,5,HostB,HostB,HostB
RRAP-ECO03-2023-Shys-ONLI-2427_L4,,RRAP-ECO03-2023-Shys-ONLI-2427,batch2,L4,ONLI-2427,2427,ONLI,ONLI_BA2S,ONLI_BA2S,-14.667503,145.4419725,3,NA,Lizard,NA,5m,Shallow,NA,NA,NA,2023,Back,Back2,ONLI_BA2S_P1,NA,3,5,5,5,HostB,HostB,HostB
RRAP-ECO03-2023-Shys-ONLI-2442_L4,,RRAP-ECO03-2023-Shys-ONLI-2442,batch2,L4,ONLI-2442,2442,ONLI,ONLI_FL1S,ONLI_FL1S,-14.697944,145.4452925,3,NA,Lizard,NA,5m,Shallow,NA,NA,NA,2023,Flank,Flank1,original coordinates,NA,3,5,5,5,HostB,HostB,HostB
RRAP-ECO03-2023-Shys-OCDA-1961_L1,,RRAP-ECO03-2023-Shys-OCDA-1961,batch1,L1,OCDA-1961,1961,OCDA,OCDA_BA1S_P2,OCDA_BA1S,-18.8259,147.62727,3.4,3.4,Davies,Back1,5m,Shallow,Plot2,NA,NA,2023,Back,Back1,plot coordinates from AG,NA,3,5,5,5,HostB,HostB,HostB
RRAP-ECO03-2023-Shys-OCDA-1964_L2,,RRAP-ECO03-2023-Shys-OCDA-1964,batch1,L2,OCDA-1964,1964,OCDA,OCDA_BA1S_P2,OCDA_BA1S,-18.8259,147.62727,3.4,3.4,Davies,Back1,5m,Shallow,Plot2,NA,NA,2023,Back,Back1,plot coordinates from AG,NA,3,5,5,5,HostB,HostB,HostB
RRAP-ECO03-2022-Shys-OCDA-BLCH6B_L2,,RRAP-ECO03-2022-Shys-OCDA-BLCH6B,batch1,L2,OCDA-BLCH6B,BLCH6B,OCDA,OCDA_BA1S_P3,OCDA_BA1S,-18.8259,147.62727,3.2,3.2,Davies,Back1,5m,Shallow,Plot3,NA,NA,2022,Back,Back1,plot coordinates from AG,NA,3,5,5,5,HostB,HostB,HostB
RRAP-ECO03-2023-Shys-OCDA-1962_L1,,RRAP-ECO03-2023-Shys-OCDA-1962,batch1,L1,OCDA-1962,1962,OCDA,OCDA_BA1S_P3,OCDA_BA1S,-18.8259,147.62727,3.2,3.2,Davies,Back1,5m,Shallow,Plot3,NA,NA,2023,Back,Back1,plot coordinates from AG,NA,3,5,5,5,HostB,HostB,HostB
RRAP-ECO03-2023-Shys-OCDA-1947_L1,,RRAP-ECO03-2023-Shys-OCDA-1947,batch1,L1,OCDA-1947,1947,OCDA,OCDA_BA1S_P3,OCDA_BA1S,-18.8259,147.62727,3.2,3.2,Davies,Back1,5m,Shallow,Plot3,NA,NA,2023,Back,Back1,plot coordinates from AG,NA,3,5,5,5,HostB,HostB,HostB
RRAP-ECO03-2023-Shys-OCDA-1954_L2,,RRAP-ECO03-2023-Shys-OCDA-1954,batch1,L2,OCDA-1954,1954,OCDA,OCDA_BA1S_P4,OCDA_BA1S,-18.8259,147.62727,3.5,3.5,Davies,Back1,5m,Shallow,Plot4,NA,NA,2023,Back,Back1,plot coordinates from AG,NA,3,5,5,5,HostB,HostB,HostB
RRAP-ECO03-2023-Shys-OCDA-1749_L2,,RRAP-ECO03-2023-Shys-OCDA-1749,batch1,L2,OCDA-1749,1749,OCDA,OCDA_BA2D_P3,OCDA_BA2D,-18.814315,147.6369,11.5,11.5,Davies,Back2,10m,Deep,Plot3,NA,NA,2023,Back,Back2,plot coordinates from AG,NA,3,5,5,5,HostB,HostB,HostB
RRAP-ECO03-2023-Shys-OCDA-1771_L2,,RRAP-ECO03-2023-Shys-OCDA-1771,batch1,L2,OCDA-1771,1771,OCDA,OCDA_BA2S,OCDA_BA2S,-18.81448,147.6372,3,NA,Davies,NA,5m,Shallow,NA,NA,NA,2023,Back,Back2,original coordinates,NA,3,5,5,5,HostB,HostB,HostB
RRAP-ECO03-2023-Shys-OCDA-1783_L1,,RRAP-ECO03-2023-Shys-OCDA-1783,batch1,L1,OCDA-1783,1783,OCDA,OCDA_BA2S,OCDA_BA2S,-18.81448,147.6372,3,NA,Davies,NA,5m,Shallow,NA,NA,NA,2023,Back,Back2,original coordinates,NA,3,5,5,5,HostB,HostB,HostB
RRAP-ECO03-2023-Shys-OCDA-1762_L3,,RRAP-ECO03-2023-Shys-OCDA-1762,batch1,L3,OCDA-1762,1762,OCDA,OCDA_BA2S_P1,OCDA_BA2S,-18.814495,147.637185,3.2,3.2,Davies,Back2,5m,Shallow,Plot1,NA,NA,2023,Back,Back2,plot coordinates from AG,NA,3,5,5,5,HostB,HostB,HostB
RRAP-ECO03-2023-Shys-OCDA-1760_L3,,RRAP-ECO03-2023-Shys-OCDA-1760,batch1,L3,OCDA-1760,1760,OCDA,OCDA_BA2S_P1,OCDA_BA2S,-18.814495,147.637185,3.2,3.2,Davies,Back2,5m,Shallow,Plot1,NA,NA,2023,Back,Back2,plot coordinates from AG,NA,3,5,5,5,HostB,HostB,HostB
RRAP-ECO03-2023-Shys-OCDA-1774_L2,,RRAP-ECO03-2023-Shys-OCDA-1774,batch1,L2,OCDA-1774,1774,OCDA,OCDA_BA2S_P3,OCDA_BA2S,-18.81441,147.63697,4,4,Davies,Back2,5m,Shallow,Plot3,NA,NA,2023,Back,Back2,plot coordinates from AG,NA,3,5,5,5,HostB,HostB,HostB
RRAP-ECO03-2022-Shys-OCDA-BLCH48B_L2,,RRAP-ECO03-2022-Shys-OCDA-BLCH48B,batch1,L2,OCDA-BLCH48B,BLCH48B,OCDA,OCDA_BA2S_P3,OCDA_BA2S,-18.81441,147.63697,4,4,Davies,Back2,5m,Shallow,Plot3,NA,NA,2022,Back,Back2,plot coordinates from AG,NA,3,5,5,5,HostB,HostB,HostB
RRAP-ECO03-2023-Shys-OCDA-1770_L1,,RRAP-ECO03-2023-Shys-OCDA-1770,batch1,L1,OCDA-1770,1770,OCDA,OCDA_BA2S_P3,OCDA_BA2S,-18.81441,147.63697,4,4,Davies,Back2,5m,Shallow,Plot3,NA,NA,2023,Back,Back2,plot coordinates from AG,NA,3,5,5,5,HostB,HostB,HostB
RRAP-ECO03-2023-Shys-OCDA-1784_L1,,RRAP-ECO03-2023-Shys-OCDA-1784,batch1,L1,OCDA-1784,1784,OCDA,OCDA_FL1D_P1,OCDA_FL1D,-18.805915,147.668855,11.9,11.9,Davies,Flank1,10m,Deep,Plot1,NA,NA,2023,Flank,Flank1,plot coordinates from AG,NA,3,5,5,5,HostB,HostB,HostB
RRAP-ECO03-2023-Shys-OCDA-1802_L3,,RRAP-ECO03-2023-Shys-OCDA-1802,batch1,L3,OCDA-1802,1802,OCDA,OCDA_FL1D_P1,OCDA_FL1D,-18.805915,147.668855,11.9,11.9,Davies,Flank1,10m,Deep,Plot1,NA,NA,2023,Flank,Flank1,plot coordinates from AG,NA,3,5,5,5,HostB,HostB,HostB
RRAP-ECO03-2023-Shys-OCDA-1801_L1,,RRAP-ECO03-2023-Shys-OCDA-1801,batch1,L1,OCDA-1801,1801,OCDA,OCDA_FL1D_P1,OCDA_FL1D,-18.805915,147.668855,11.9,11.9,Davies,Flank1,10m,Deep,Plot1,NA,NA,2023,Flank,Flank1,plot coordinates from AG,NA,3,5,5,5,HostB,HostB,HostB
RRAP-ECO03-2022-Shys-OCDA-BLCH31B_L2,,RRAP-ECO03-2022-Shys-OCDA-BLCH31B,batch1,L2,OCDA-BLCH31B,BLCH31B,OCDA,OCDA_FL1D_P1,OCDA_FL1D,-18.805915,147.668855,11.9,11.9,Davies,Flank1,10m,Deep,Plot1,NA,NA,2022,Flank,Flank1,plot coordinates from AG,NA,3,5,5,5,HostB,HostB,HostB
RRAP-ECO03-2023-Shys-OCDA-1808_L1,,RRAP-ECO03-2023-Shys-OCDA-1808,batch1,L1,OCDA-1808,1808,OCDA,OCDA_FL1S_P2,OCDA_FL1S,-18.80573,147.66856,5.4,5.4,Davies,Flank1,5m,Shallow,Plot2,NA,NA,2023,Flank,Flank1,plot coordinates from AG,NA,3,5,5,5,HostB,HostB,HostB
RRAP-ECO03-2023-Shys-OCDA-1810_L1,,RRAP-ECO03-2023-Shys-OCDA-1810,batch1,L1,OCDA-1810,1810,OCDA,OCDA_FL1S_P2,OCDA_FL1S,-18.80573,147.66856,5.4,5.4,Davies,Flank1,5m,Shallow,Plot2,NA,NA,2023,Flank,Flank1,plot coordinates from AG,NA,3,5,5,5,HostB,HostB,HostB
RRAP-ECO03-2023-Shys-OCDA-1807_L2,,RRAP-ECO03-2023-Shys-OCDA-1807,batch1,L2,OCDA-1807,1807,OCDA,OCDA_FL1S_P2,OCDA_FL1S,-18.80573,147.66856,5.4,5.4,Davies,Flank1,5m,Shallow,Plot2,NA,NA,2023,Flank,Flank1,plot coordinates from AG,NA,3,5,5,5,HostB,HostB,HostB
RRAP-ECO03-2023-Shys-OCDA-1811_L2,,RRAP-ECO03-2023-Shys-OCDA-1811,batch1,L2,OCDA-1811,1811,OCDA,OCDA_FL1S_P2,OCDA_FL1S,-18.80573,147.66856,5.4,5.4,Davies,Flank1,5m,Shallow,Plot2,NA,NA,2023,Flank,Flank1,plot coordinates from AG,NA,3,5,5,5,HostB,HostB,HostB
RRAP-ECO03-2023-Shys-OCDA-1814_L3,,RRAP-ECO03-2023-Shys-OCDA-1814,batch1,L3,OCDA-1814,1814,OCDA,OCDA_FL1S_P3,OCDA_FL1S,-18.80563,147.66845,4.8,4.8,Davies,Flank1,5m,Shallow,Plot3,NA,NA,2023,Flank,Flank1,plot coordinates from AG,NA,3,5,5,5,HostB,HostB,HostB
RRAP-ECO03-2023-Shys-OCDA-1813_L2,,RRAP-ECO03-2023-Shys-OCDA-1813,batch1,L2,OCDA-1813,1813,OCDA,OCDA_FL1S_P3,OCDA_FL1S,-18.80563,147.66845,4.8,4.8,Davies,Flank1,5m,Shallow,Plot3,NA,NA,2023,Flank,Flank1,plot coordinates from AG,NA,3,5,5,5,HostB,HostB,HostB
RRAP-ECO03-2023-Shys-OCDA-1816_L2,,RRAP-ECO03-2023-Shys-OCDA-1816,batch1,L2,OCDA-1816,1816,OCDA,OCDA_FL1S_P3,OCDA_FL1S,-18.80563,147.66845,4.8,4.8,Davies,Flank1,5m,Shallow,Plot3,NA,NA,2023,Flank,Flank1,plot coordinates from AG,NA,3,5,5,5,HostB,HostB,HostB
RRAP-ECO03-2022-Shys-OCDA-BLCH110B_L2,,RRAP-ECO03-2022-Shys-OCDA-BLCH110B,batch1,L2,OCDA-BLCH110B,BLCH110B,OCDA,OCDA_FL1S_P4,OCDA_FL1S,-18.805575,147.66835,5.4,5.4,Davies,Flank1,5m,Shallow,Plot4,NA,NA,2022,Flank,Flank1,plot coordinates from AG,NA,3,5,5,5,HostB,HostB,HostB
RRAP-ECO03-2022-Shys-OCDA-BLCH116B_L2,,RRAP-ECO03-2022-Shys-OCDA-BLCH116B,batch1,L2,OCDA-BLCH116B,BLCH116B,OCDA,OCDA_FL1S_P4,OCDA_FL1S,-18.805575,147.66835,5.4,5.4,Davies,Flank1,5m,Shallow,Plot4,NA,NA,2022,Flank,Flank1,plot coordinates from AG,NA,3,5,5,5,HostB,HostB,HostB
RRAP-ECO03-2022-Shys-OCDA-BLCH117B_L2,,RRAP-ECO03-2022-Shys-OCDA-BLCH117B,batch1,L2,OCDA-BLCH117B,BLCH117B,OCDA,OCDA_FL1S_P4,OCDA_FL1S,-18.805575,147.66835,5.4,5.4,Davies,Flank1,5m,Shallow,Plot4,NA,NA,2022,Flank,Flank1,plot coordinates from AG,NA,3,5,5,5,HostB,HostB,HostB
RRAP-ECO03-2022-Shys-OCDA-BLCH107B_L2,,RRAP-ECO03-2022-Shys-OCDA-BLCH107B,batch1,L2,OCDA-BLCH107B,BLCH107B,OCDA,OCDA_FL1S_P4,OCDA_FL1S,-18.805575,147.66835,5.4,5.4,Davies,Flank1,5m,Shallow,Plot4,NA,NA,2022,Flank,Flank1,plot coordinates from AG,NA,3,5,5,5,HostB,HostB,HostB
RRAP-ECO03-2022-Shys-OCDA-BLCH111B_L2,,RRAP-ECO03-2022-Shys-OCDA-BLCH111B,batch1,L2,OCDA-BLCH111B,BLCH111B,OCDA,OCDA_FL1S_P4,OCDA_FL1S,-18.805575,147.66835,5.4,5.4,Davies,Flank1,5m,Shallow,Plot4,NA,NA,2022,Flank,Flank1,plot coordinates from AG,NA,3,5,5,5,HostB,HostB,HostB
RRAP-ECO03-2022-Shys-OCDA-BLCH104B_L2,,RRAP-ECO03-2022-Shys-OCDA-BLCH104B,batch1,L2,OCDA-BLCH104B,BLCH104B,OCDA,OCDA_FL1S_P4,OCDA_FL1S,-18.805575,147.66835,5.4,5.4,Davies,Flank1,5m,Shallow,Plot4,NA,NA,2022,Flank,Flank1,plot coordinates from AG,NA,3,5,5,5,HostB,HostB,HostB
RRAP-ECO03-2022-Shys-OCDA-BLCH103B_L2,,RRAP-ECO03-2022-Shys-OCDA-BLCH103B,batch1,L2,OCDA-BLCH103B,BLCH103B,OCDA,OCDA_FL1S_P4,OCDA_FL1S,-18.805575,147.66835,5.4,5.4,Davies,Flank1,5m,Shallow,Plot4,NA,NA,2022,Flank,Flank1,plot coordinates from AG,NA,3,5,5,5,HostB,HostB,HostB
RRAP-ECO03-2022-Shys-OCDA-BLCH109B_L2,,RRAP-ECO03-2022-Shys-OCDA-BLCH109B,batch1,L2,OCDA-BLCH109B,BLCH109B,OCDA,OCDA_FL1S_P4,OCDA_FL1S,-18.805575,147.66835,5.4,5.4,Davies,Flank1,5m,Shallow,Plot4,NA,NA,2022,Flank,Flank1,plot coordinates from AG,NA,3,5,5,5,HostB,HostB,HostB
RRAP-ECO03-2022-Shys-OCDA-BLCH118B_L2,,RRAP-ECO03-2022-Shys-OCDA-BLCH118B,batch1,L2,OCDA-BLCH118B,BLCH118B,OCDA,OCDA_FL1S_P4,OCDA_FL1S,-18.805575,147.66835,5.4,5.4,Davies,Flank1,5m,Shallow,Plot4,NA,NA,2022,Flank,Flank1,plot coordinates from AG,NA,3,5,5,5,HostB,HostB,HostB
RRAP-ECO03-2023-Shys-OCDA-1818_L1,,RRAP-ECO03-2023-Shys-OCDA-1818,batch1,L1,OCDA-1818,1818,OCDA,OCDA_FL1S_P4,OCDA_FL1S,-18.805575,147.66835,5.4,5.4,Davies,Flank1,5m,Shallow,Plot4,NA,NA,2023,Flank,Flank1,plot coordinates from AG,NA,3,5,5,5,HostB,HostB,HostB
RRAP-ECO03-2022-Shys-OCDA-BLCH105B_L2,,RRAP-ECO03-2022-Shys-OCDA-BLCH105B,batch1,L2,OCDA-BLCH105B,BLCH105B,OCDA,OCDA_FL1S_P4,OCDA_FL1S,-18.805575,147.66835,5.4,5.4,Davies,Flank1,5m,Shallow,Plot4,NA,NA,2022,Flank,Flank1,plot coordinates from AG,NA,3,5,5,5,HostB,HostB,HostB
RRAP-ECO03-2023-Shys-OCDA-1822_L1,,RRAP-ECO03-2023-Shys-OCDA-1822,batch1,L1,OCDA-1822,1822,OCDA,OCDA_FR1D_P1,OCDA_FR1D,-18.81968177,147.663926,9.8,9.8,Davies,Front1,10m,Deep,Plot1,NA,NA,2023,Front,Front1,plot coordinates from AG,NA,3,5,5,5,HostB,HostB,HostB
RRAP-ECO03-2022-Shys-OCDA-BLCH20B_L2,,RRAP-ECO03-2022-Shys-OCDA-BLCH20B,batch1,L2,OCDA-BLCH20B,BLCH20B,OCDA,OCDA_FR1D_P1,OCDA_FR1D,-18.81968177,147.663926,9.8,9.8,Davies,Front1,10m,Deep,Plot1,NA,NA,2022,Front,Front1,plot coordinates from AG,NA,3,5,5,5,HostB,HostB,HostB
RRAP-ECO03-2023-Shys-OCDA-1825_L2,,RRAP-ECO03-2023-Shys-OCDA-1825,batch1,L2,OCDA-1825,1825,OCDA,OCDA_FR1D_P2,OCDA_FR1D,-18.819375,147.664025,10.2,10.2,Davies,Front1,10m,Deep,Plot2,NA,NA,2023,Front,Front1,plot coordinates from AG,NA,3,5,5,5,HostB,HostB,HostB
RRAP-ECO03-2023-Shys-OCDA-1826_L2,,RRAP-ECO03-2023-Shys-OCDA-1826,batch1,L2,OCDA-1826,1826,OCDA,OCDA_FR1D_P3,OCDA_FR1D,-18.81925,147.66413,10,10,Davies,Front1,10m,Deep,Plot3,NA,NA,2023,Front,Front1,plot coordinates from AG,NA,3,5,5,5,HostB,HostB,HostB
RRAP-ECO03-2023-Shys-OCDA-1829_L1,,RRAP-ECO03-2023-Shys-OCDA-1829,batch1,L1,OCDA-1829,1829,OCDA,OCDA_FR1D_P3,OCDA_FR1D,-18.81925,147.66413,10,10,Davies,Front1,10m,Deep,Plot3,NA,NA,2023,Front,Front1,plot coordinates from AG,NA,3,5,5,5,HostB,HostB,HostB
RRAP-ECO03-2023-Shys-OCDA-1836_L1,,RRAP-ECO03-2023-Shys-OCDA-1836,batch1,L1,OCDA-1836,1836,OCDA,OCDA_FR1D_P4,OCDA_FR1D,-18.819265,147.66417,9.6,9.6,Davies,Front1,10m,Deep,Plot4,NA,NA,2023,Front,Front1,plot coordinates from AG,NA,3,5,5,5,HostB,HostB,HostB
RRAP-ECO03-2023-Shys-CBHE-1841_L3,actually OCDA,RRAP-ECO03-2023-Shys-CBHE-1841,batch1,L3,CBHE-1841,1841,OCDA,OCDA_FR1S,OCDA_FR1S,-18.8192,147.66391,3,NA,Davies,NA,5m,Shallow,NA,NA,NA,2023,Front,Front1,original coordinates,NA,3,5,5,5,HostB,HostB,HostB
RRAP-ECO03-2022-Shys-OCDA-BLCH10B_L2,,RRAP-ECO03-2022-Shys-OCDA-BLCH10B,batch1,L2,OCDA-BLCH10B,BLCH10B,OCDA,OCDA_FR1S_P1,OCDA_FR1S,-18.81961901,147.6637135,4.9,4.9,Davies,Front1,5m,Shallow,Plot1,NA,NA,2022,Front,Front1,plot coordinates from AG,NA,3,5,5,5,HostB,HostB,HostB
RRAP-ECO03-2023-Shys-OCDA-1851_L1,,RRAP-ECO03-2023-Shys-OCDA-1851,batch1,L1,OCDA-1851,1851,OCDA,OCDA_FR1S_P1,OCDA_FR1S,-18.81961901,147.6637135,4.9,4.9,Davies,Front1,5m,Shallow,Plot1,NA,NA,2023,Front,Front1,plot coordinates from AG,NA,3,5,5,5,HostB,HostB,HostB
RRAP-ECO03-2022-Shys-OCDA-BLCH13B_L2,,RRAP-ECO03-2022-Shys-OCDA-BLCH13B,batch1,L2,OCDA-BLCH13B,BLCH13B,OCDA,OCDA_FR1S_P1,OCDA_FR1S,-18.81961901,147.6637135,4.9,4.9,Davies,Front1,5m,Shallow,Plot1,NA,NA,2022,Front,Front1,plot coordinates from AG,NA,3,5,5,5,HostB,HostB,HostB
RRAP-ECO03-2022-Shys-OCDA-BLCH9B_L2,,RRAP-ECO03-2022-Shys-OCDA-BLCH9B,batch1,L2,OCDA-BLCH9B,BLCH9B,OCDA,OCDA_FR1S_P1,OCDA_FR1S,-18.81961901,147.6637135,4.9,4.9,Davies,Front1,5m,Shallow,Plot1,NA,NA,2022,Front,Front1,plot coordinates from AG,NA,3,5,5,5,HostB,HostB,HostB
RRAP-ECO03-2022-Shys-OCDA-BLCH12B_L2,,RRAP-ECO03-2022-Shys-OCDA-BLCH12B,batch1,L2,OCDA-BLCH12B,BLCH12B,OCDA,OCDA_FR1S_P1,OCDA_FR1S,-18.81961901,147.6637135,4.9,4.9,Davies,Front1,5m,Shallow,Plot1,NA,NA,2022,Front,Front1,plot coordinates from AG,NA,3,5,5,5,HostB,HostB,HostB
RRAP-ECO03-2023-Shys-OCDA-1849_L2,,RRAP-ECO03-2023-Shys-OCDA-1849,batch1,L2,OCDA-1849,1849,OCDA,OCDA_FR1S_P1,OCDA_FR1S,-18.81961901,147.6637135,4.9,4.9,Davies,Front1,5m,Shallow,Plot1,NA,NA,2023,Front,Front1,plot coordinates from AG,NA,3,5,5,5,HostB,HostB,HostB
RRAP-ECO03-2023-Shys-OCDA-1844_L1,,RRAP-ECO03-2023-Shys-OCDA-1844,batch1,L1,OCDA-1844,1844,OCDA,OCDA_FR1S_P2,OCDA_FR1S,-18.8194875,147.663784,5.5,5.5,Davies,Front1,5m,Shallow,Plot2,NA,NA,2023,Front,Front1,plot coordinates from AG,NA,3,5,5,5,HostB,HostB,HostB
RRAP-ECO03-2023-Shys-OCDA-1852_L2,,RRAP-ECO03-2023-Shys-OCDA-1852,batch1,L2,OCDA-1852,1852,OCDA,OCDA_FR1S_P2,OCDA_FR1S,-18.8194875,147.663784,5.5,5.5,Davies,Front1,5m,Shallow,Plot2,NA,NA,2023,Front,Front1,plot coordinates from AG,NA,3,5,5,5,HostB,HostB,HostB
RRAP-ECO03-2023-Shys-OCDA-1854_L1,,RRAP-ECO03-2023-Shys-OCDA-1854,batch1,L1,OCDA-1854,1854,OCDA,OCDA_FR1S_P3,OCDA_FR1S,-18.81938248,147.663904,5.2,5.2,Davies,Front1,5m,Shallow,Plot3,NA,NA,2023,Front,Front1,plot coordinates from AG,NA,3,5,5,5,HostB,HostB,HostB
RRAP-ECO03-2022-Shys-OCDA-BLCH17B_L2,,RRAP-ECO03-2022-Shys-OCDA-BLCH17B,batch1,L2,OCDA-BLCH17B,BLCH17B,OCDA,OCDA_FR1S_P3,OCDA_FR1S,-18.81938248,147.663904,5.2,5.2,Davies,Front1,5m,Shallow,Plot3,NA,NA,2022,Front,Front1,plot coordinates from AG,NA,3,5,5,5,HostB,HostB,HostB
RRAP-ECO03-2023-Shys-OCDA-1858_L3,,RRAP-ECO03-2023-Shys-OCDA-1858,batch1,L3,OCDA-1858,1858,OCDA,OCDA_FR1S_P3,OCDA_FR1S,-18.81938248,147.663904,5.2,5.2,Davies,Front1,5m,Shallow,Plot3,NA,NA,2023,Front,Front1,plot coordinates from AG,NA,3,5,5,5,HostB,HostB,HostB
RRAP-ECO03-2023-Shys-OCDA-1856_L3,,RRAP-ECO03-2023-Shys-OCDA-1856,batch1,L3,OCDA-1856,1856,OCDA,OCDA_FR1S_P3,OCDA_FR1S,-18.81938248,147.663904,5.2,5.2,Davies,Front1,5m,Shallow,Plot3,NA,NA,2023,Front,Front1,plot coordinates from AG,NA,3,5,5,5,HostB,HostB,HostB
RRAP-ECO03-2023-Shys-OCDA-1860_L1,,RRAP-ECO03-2023-Shys-OCDA-1860,batch1,L1,OCDA-1860,1860,OCDA,OCDA_FR1S_P4,OCDA_FR1S,-18.81929652,147.6639395,4.2,4.2,Davies,Front1,5m,Shallow,Plot4,NA,NA,2023,Front,Front1,plot coordinates from AG,NA,3,5,5,5,HostB,HostB,HostB
RRAP-ECO03-2023-Shys-OCDA-1855_L2,,RRAP-ECO03-2023-Shys-OCDA-1855,batch1,L2,OCDA-1855,1855,OCDA,OCDA_FR1S_P4,OCDA_FR1S,-18.81929652,147.6639395,4.2,4.2,Davies,Front1,5m,Shallow,Plot4,NA,NA,2023,Front,Front1,plot coordinates from AG,NA,3,5,5,5,HostB,HostB,HostB
RRAP-ECO03-2023-Shys-OCDA-1837_L1,,RRAP-ECO03-2023-Shys-OCDA-1837,batch1,L1,OCDA-1837,1837,OCDA,OCDA_FR1S_P5,OCDA_FR1S,-18.8192,147.66391,3,NA,Davies,NA,5m,Shallow,NA,NA,NA,2023,Front,Front1,original coordinates,NA,3,5,5,5,HostB,HostB,HostB
RRAP-ECO03-2023-Shys-OCDA-1717_L1,,RRAP-ECO03-2023-Shys-OCDA-1717,batch1,L1,OCDA-1717,1717,OCDA,OCDA_FR2D_P2,OCDA_FR2D,-18.83180932,147.6526864,11,11,Davies,Front2,10m,Deep,Plot2,NA,NA,2023,Front,Front2,plot coordinates from AG,NA,3,5,5,5,HostB,HostB,HostB
RRAP-ECO03-2023-Shys-OCDA-2097_L1,,RRAP-ECO03-2023-Shys-OCDA-2097,batch1,L1,OCDA-2097,2097,OCDA,OCDA_FR2S_P1,OCDA_FR2S,-18.83192685,147.6524971,4.9,4.9,Davies,Front2,5m,Shallow,Plot1,NA,NA,2023,Front,Front2,plot coordinates from AG,NA,3,5,5,5,HostB,HostB,HostB
RRAP-ECO03-2023-Shys-OCDA-2094_L3,,RRAP-ECO03-2023-Shys-OCDA-2094,batch1,L3,OCDA-2094,2094,OCDA,OCDA_FR2S_P1,OCDA_FR2S,-18.83192685,147.6524971,4.9,4.9,Davies,Front2,5m,Shallow,Plot1,NA,NA,2023,Front,Front2,plot coordinates from AG,NA,3,5,5,5,HostB,HostB,HostB
RRAP-ECO03-2023-Shys-OCDA-1733_L1,,RRAP-ECO03-2023-Shys-OCDA-1733,batch1,L1,OCDA-1733,1733,OCDA,OCDA_FR2S_P2,OCDA_FR2S,-18.83180971,147.6525841,5.3,5.3,Davies,Front2,5m,Shallow,Plot2,NA,NA,2023,Front,Front2,plot coordinates from AG,NA,3,5,5,5,HostB,HostB,HostB
RRAP-ECO03-2023-Shys-OCDA-1730_L2,,RRAP-ECO03-2023-Shys-OCDA-1730,batch1,L2,OCDA-1730,1730,OCDA,OCDA_FR2S_P2,OCDA_FR2S,-18.83180971,147.6525841,5.3,5.3,Davies,Front2,5m,Shallow,Plot2,NA,NA,2023,Front,Front2,plot coordinates from AG,NA,3,5,5,5,HostB,HostB,HostB
RRAP-ECO03-2023-Shys-OCDA-2100_L2,,RRAP-ECO03-2023-Shys-OCDA-2100,batch1,L2,OCDA-2100,2100,OCDA,OCDA_FR2S_P2,OCDA_FR2S,-18.83180971,147.6525841,5.3,5.3,Davies,Front2,5m,Shallow,Plot2,NA,NA,2023,Front,Front2,plot coordinates from AG,NA,3,5,5,5,HostB,HostB,HostB
RRAP-ECO03-2023-Shys-OCDA-1738_L1,,RRAP-ECO03-2023-Shys-OCDA-1738,batch1,L1,OCDA-1738,1738,OCDA,OCDA_FR2S_P3,OCDA_FR2S,-18.83163711,147.6527145,5.7,5.7,Davies,Front2,5m,Shallow,Plot3,NA,NA,2023,Front,Front2,plot coordinates from AG,NA,3,5,5,5,HostB,HostB,HostB
RRAP-ECO03-2023-Shys-OCDA-2101_L3,,RRAP-ECO03-2023-Shys-OCDA-2101,batch1,L3,OCDA-2101,2101,OCDA,OCDA_FR2S_P4,OCDA_FR2S,-18.83150833,147.6528006,5.7,5.7,Davies,Front2,5m,Shallow,Plot4,NA,NA,2023,Front,Front2,plot coordinates from AG,NA,3,5,5,5,HostB,HostB,HostB
RRAP-ECO03-2023-Shys-OCDA-2105_L1,,RRAP-ECO03-2023-Shys-OCDA-2105,batch1,L1,OCDA-2105,2105,OCDA,OCDA_FR2S_P4,OCDA_FR2S,-18.83150833,147.6528006,5.7,5.7,Davies,Front2,5m,Shallow,Plot4,NA,NA,2023,Front,Front2,plot coordinates from AG,NA,3,5,5,5,HostB,HostB,HostB
RRAP-ECO03-2023-Shys-OCDA-2102_L3,,RRAP-ECO03-2023-Shys-OCDA-2102,batch1,L3,OCDA-2102,2102,OCDA,OCDA_FR2S_P4,OCDA_FR2S,-18.83150833,147.6528006,5.7,5.7,Davies,Front2,5m,Shallow,Plot4,NA,NA,2023,Front,Front2,plot coordinates from AG,NA,3,5,5,5,HostB,HostB,HostB
RRAP-ECO03-2022-Shys-OCDA-BLCH73B_L2,,RRAP-ECO03-2022-Shys-OCDA-BLCH73B,batch1,L2,OCDA-BLCH73B,BLCH73B,OCDA,OCDA_FR2S_P4,OCDA_FR2S,-18.83150833,147.6528006,5.7,5.7,Davies,Front2,5m,Shallow,Plot4,NA,NA,2022,Front,Front2,plot coordinates from AG,NA,3,5,5,5,HostB,HostB,HostB
RRAP-ECO03-2023-Shys-OCDA-2144_L1,,RRAP-ECO03-2023-Shys-OCDA-2144,batch1,L1,OCDA-2144,2144,OCDA,OCDA_LA1S_P1,OCDA_LA1S,-18.832615,147.6333735,2.8,2.8,Davies,Lagoon1,5m,Shallow,Plot1,NA,NA,2023,Lagoon,Lagoon1,plot coordinates from AG,NA,3,5,5,5,HostB,HostB,HostB
RRAP-ECO03-2022-Shys-OCDA-BLCH96B_L2,,RRAP-ECO03-2022-Shys-OCDA-BLCH96B,batch1,L2,OCDA-BLCH96B,BLCH96B,OCDA,OCDA_LA1S_P4,OCDA_LA1S,-18.83318052,147.6332905,2.3,2.3,Davies,Lagoon1,5m,Shallow,Plot4,NA,NA,2022,Lagoon,Lagoon1,plot coordinates from AG,NA,3,5,5,5,HostB,HostB,HostB
RRAP-ECO03-2022-Shys-OCDA-BLCH97B_L2,,RRAP-ECO03-2022-Shys-OCDA-BLCH97B,batch1,L2,OCDA-BLCH97B,BLCH97B,OCDA,OCDA_LA1S_P4,OCDA_LA1S,-18.83318052,147.6332905,2.3,2.3,Davies,Lagoon1,5m,Shallow,Plot4,NA,NA,2022,Lagoon,Lagoon1,plot coordinates from AG,NA,3,5,5,5,HostB,HostB,HostB
RRAP-ECO03-2023-Shys-OCDA-2159_L1,,RRAP-ECO03-2023-Shys-OCDA-2159,batch1,L1,OCDA-2159,2159,OCDA,OCDA_LA1S_P4,OCDA_LA1S,-18.83318052,147.6332905,2.3,2.3,Davies,Lagoon1,5m,Shallow,Plot4,NA,NA,2023,Lagoon,Lagoon1,plot coordinates from AG,NA,3,5,5,5,HostB,HostB,HostB
RRAP-ECO03-2023-Shys-OCDA-2157_L1,,RRAP-ECO03-2023-Shys-OCDA-2157,batch1,L1,OCDA-2157,2157,OCDA,OCDA_LA1S_P4,OCDA_LA1S,-18.83318052,147.6332905,2.3,2.3,Davies,Lagoon1,5m,Shallow,Plot4,NA,NA,2023,Lagoon,Lagoon1,plot coordinates from AG,NA,3,5,5,5,HostB,HostB,HostB
RRAP-ECO03-2023-Shys-OCLB-2214_L1,,RRAP-ECO03-2023-Shys-OCLB-2214,batch1,L1,OCLB-2214,2214,OCLB,OCLB_BA1S_P1,OCLB_BA1S,-18.949138,147.6930675,3.8,3.8,Little Broadhurst,Back1,5m,Shallow,Plot1,NA,NA,2023,Back,Back1,plot coordinates from AG,NA,3,5,5,5,HostB,HostB,HostB
RRAP-ECO03-2023-Shys-OCLB-2199_L2,,RRAP-ECO03-2023-Shys-OCLB-2199,batch1,L2,OCLB-2199,2199,OCLB,OCLB_BA1S_P3,OCLB_BA1S,-18.949407,147.692884,4.5,4.5,Little Broadhurst,Back1,5m,Shallow,Plot3,NA,NA,2023,Back,Back1,plot coordinates from AG,NA,3,5,5,5,HostB,HostB,HostB
RRAP-ECO03-2023-Shys-OCLB-2197_L1,,RRAP-ECO03-2023-Shys-OCLB-2197,batch1,L1,OCLB-2197,2197,OCLB,OCLB_BA1S_P3,OCLB_BA1S,-18.949407,147.692884,4.5,4.5,Little Broadhurst,Back1,5m,Shallow,Plot3,NA,NA,2023,Back,Back1,plot coordinates from AG,NA,3,5,5,5,HostB,HostB,HostB
RRAP-ECO03-2023-Shys-OCLB-2194_L1,,RRAP-ECO03-2023-Shys-OCLB-2194,batch1,L1,OCLB-2194,2194,OCLB,OCLB_BA1S_P4,OCLB_BA1S,-18.949567,147.6928,4.4,4.4,Little Broadhurst,Back1,5m,Shallow,Plot4,NA,NA,2023,Back,Back1,plot coordinates from AG,NA,3,5,5,5,HostB,HostB,HostB
RRAP-ECO03-2023-Shys-OCLB-2193_L1,,RRAP-ECO03-2023-Shys-OCLB-2193,batch1,L1,OCLB-2193,2193,OCLB,OCLB_BA1S_P4,OCLB_BA1S,-18.949567,147.6928,4.4,4.4,Little Broadhurst,Back1,5m,Shallow,Plot4,NA,NA,2023,Back,Back1,plot coordinates from AG,NA,3,5,5,5,HostB,HostB,HostB
RRAP-ECO03-2022-Shys-OCLB-BLCH171B_L2,,RRAP-ECO03-2022-Shys-OCLB-BLCH171B,batch1,L2,OCLB-BLCH171B,BLCH171B,OCLB,OCLB_FL1S_P1,OCLB_FL1S,-18.9440645,147.699442,4.5,4.5,Little Broadhurst,Flank1,5m,Shallow,Plot1,NA,NA,2022,Flank,Flank1,plot coordinates from AG,NA,3,5,5,5,HostB,HostB,HostB
RRAP-ECO03-2022-Shys-OCLB-BLCH168B_L2,,RRAP-ECO03-2022-Shys-OCLB-BLCH168B,batch1,L2,OCLB-BLCH168B,BLCH168B,OCLB,OCLB_FL1S_P1,OCLB_FL1S,-18.9440645,147.699442,4.5,4.5,Little Broadhurst,Flank1,5m,Shallow,Plot1,NA,NA,2022,Flank,Flank1,plot coordinates from AG,NA,3,5,5,5,HostB,HostB,HostB
RRAP-ECO03-2022-Shys-OCLB-BLCH170B_L2,,RRAP-ECO03-2022-Shys-OCLB-BLCH170B,batch1,L2,OCLB-BLCH170B,BLCH170B,OCLB,OCLB_FL1S_P1,OCLB_FL1S,-18.9440645,147.699442,4.5,4.5,Little Broadhurst,Flank1,5m,Shallow,Plot1,NA,NA,2022,Flank,Flank1,plot coordinates from AG,NA,3,5,5,5,HostB,HostB,HostB
RRAP-ECO03-2023-Shys-OCLB-2185_L2,,RRAP-ECO03-2023-Shys-OCLB-2185,batch1,L2,OCLB-2185,2185,OCLB,OCLB_FL1S_P1,OCLB_FL1S,-18.9440645,147.699442,4.5,4.5,Little Broadhurst,Flank1,5m,Shallow,Plot1,NA,NA,2023,Flank,Flank1,plot coordinates from AG,NA,3,5,5,5,HostB,HostB,HostB
RRAP-ECO03-2022-Shys-OCLB-BLCH174B_L2,,RRAP-ECO03-2022-Shys-OCLB-BLCH174B,batch1,L2,OCLB-BLCH174B,BLCH174B,OCLB,OCLB_FL1S_P1,OCLB_FL1S,-18.9440645,147.699442,4.5,4.5,Little Broadhurst,Flank1,5m,Shallow,Plot1,NA,NA,2022,Flank,Flank1,plot coordinates from AG,NA,3,5,5,5,HostB,HostB,HostB
RRAP-ECO03-2022-Shys-OCLB-BLCH169B_L2,,RRAP-ECO03-2022-Shys-OCLB-BLCH169B,batch1,L2,OCLB-BLCH169B,BLCH169B,OCLB,OCLB_FL1S_P1,OCLB_FL1S,-18.9440645,147.699442,4.5,4.5,Little Broadhurst,Flank1,5m,Shallow,Plot1,NA,NA,2022,Flank,Flank1,plot coordinates from AG,NA,3,5,5,5,HostB,HostB,HostB
RRAP-ECO03-2023-Shys-OCLB-2184_L1,,RRAP-ECO03-2023-Shys-OCLB-2184,batch1,L1,OCLB-2184,2184,OCLB,OCLB_FL1S_P1,OCLB_FL1S,-18.9440645,147.699442,4.5,4.5,Little Broadhurst,Flank1,5m,Shallow,Plot1,NA,NA,2023,Flank,Flank1,plot coordinates from AG,NA,3,5,5,5,HostB,HostB,HostB
RRAP-ECO03-2022-Shys-OCLB-BLCH175B_L2,,RRAP-ECO03-2022-Shys-OCLB-BLCH175B,batch1,L2,OCLB-BLCH175B,BLCH175B,OCLB,OCLB_FL1S_P1,OCLB_FL1S,-18.9440645,147.699442,4.5,4.5,Little Broadhurst,Flank1,5m,Shallow,Plot1,NA,NA,2022,Flank,Flank1,plot coordinates from AG,NA,3,5,5,5,HostB,HostB,HostB
RRAP-ECO03-2022-Shys-OCLB-BLCH167B_L2,,RRAP-ECO03-2022-Shys-OCLB-BLCH167B,batch1,L2,OCLB-BLCH167B,BLCH167B,OCLB,OCLB_FL1S_P1,OCLB_FL1S,-18.9440645,147.699442,4.5,4.5,Little Broadhurst,Flank1,5m,Shallow,Plot1,NA,NA,2022,Flank,Flank1,plot coordinates from AG,NA,3,5,5,5,HostB,HostB,HostB
RRAP-ECO03-2022-Shys-OCLB-BLCH178B_L2,,RRAP-ECO03-2022-Shys-OCLB-BLCH178B,batch1,L2,OCLB-BLCH178B,BLCH178B,OCLB,OCLB_FL1S_P2,OCLB_FL1S,-18.943966,147.699309,3.9,3.9,Little Broadhurst,Flank1,5m,Shallow,Plot2,NA,NA,2022,Flank,Flank1,plot coordinates from AG,NA,3,5,5,5,HostB,HostB,HostB
RRAP-ECO03-2023-Shys-OCLB-2190_L1,,RRAP-ECO03-2023-Shys-OCLB-2190,batch1,L1,OCLB-2190,2190,OCLB,OCLB_FL1S_P2,OCLB_FL1S,-18.943966,147.699309,3.9,3.9,Little Broadhurst,Flank1,5m,Shallow,Plot2,NA,NA,2023,Flank,Flank1,plot coordinates from AG,NA,3,5,5,5,HostB,HostB,HostB
RRAP-ECO03-2022-Shys-OCLB-BLCH180B_L2,,RRAP-ECO03-2022-Shys-OCLB-BLCH180B,batch1,L2,OCLB-BLCH180B,BLCH180B,OCLB,OCLB_FL1S_P2,OCLB_FL1S,-18.943966,147.699309,3.9,3.9,Little Broadhurst,Flank1,5m,Shallow,Plot2,NA,NA,2022,Flank,Flank1,plot coordinates from AG,NA,3,5,5,5,HostB,HostB,HostB
RRAP-ECO03-2023-Shys-OCLB-2219_L1,,RRAP-ECO03-2023-Shys-OCLB-2219,batch1,L1,OCLB-2219,2219,OCLB,OCLB_FL1S_P3,OCLB_FL1S,-18.9439165,147.699257,5.8,5.8,Little Broadhurst,Flank1,5m,Shallow,Plot3,NA,NA,2023,Flank,Flank1,plot coordinates from AG,NA,3,5,5,5,HostB,HostB,HostB
RRAP-ECO03-2022-Shys-OCLB-BLCH183B_L2,,RRAP-ECO03-2022-Shys-OCLB-BLCH183B,batch1,L2,OCLB-BLCH183B,BLCH183B,OCLB,OCLB_FL1S_P3,OCLB_FL1S,-18.9439165,147.699257,5.8,5.8,Little Broadhurst,Flank1,5m,Shallow,Plot3,NA,NA,2022,Flank,Flank1,plot coordinates from AG,NA,3,5,5,5,HostB,HostB,HostB
RRAP-ECO03-2023-Shys-OCLB-2221_L1,,RRAP-ECO03-2023-Shys-OCLB-2221,batch1,L1,OCLB-2221,2221,OCLB,OCLB_FL1S_P3,OCLB_FL1S,-18.9439165,147.699257,5.8,5.8,Little Broadhurst,Flank1,5m,Shallow,Plot3,NA,NA,2023,Flank,Flank1,plot coordinates from AG,NA,3,5,5,5,HostB,HostB,HostB
RRAP-ECO03-2022-Shys-OCLB-BLCH181B_L2,,RRAP-ECO03-2022-Shys-OCLB-BLCH181B,batch1,L2,OCLB-BLCH181B,BLCH181B,OCLB,OCLB_FL1S_P3,OCLB_FL1S,-18.9439165,147.699257,5.8,5.8,Little Broadhurst,Flank1,5m,Shallow,Plot3,NA,NA,2022,Flank,Flank1,plot coordinates from AG,NA,3,5,5,5,HostB,HostB,HostB
RRAP-ECO03-2023-Shys-OCLB-2223_L1,,RRAP-ECO03-2023-Shys-OCLB-2223,batch1,L1,OCLB-2223,2223,OCLB,OCLB_FL1S_P4,OCLB_FL1S,-18.944012,147.699129,4.6,4.6,Little Broadhurst,Flank1,5m,Shallow,Plot4,NA,NA,2023,Flank,Flank1,plot coordinates from AG,NA,3,5,5,5,HostB,HostB,HostB
RRAP-ECO03-2023-Shys-OCLB-2161_L1,,RRAP-ECO03-2023-Shys-OCLB-2161,batch1,L1,OCLB-2161,2161,OCLB,OCLB_LA1S_P1,OCLB_LA1S,-18.949405,147.7016985,3.2,3.2,Little Broadhurst,Lagoon1,5m,Shallow,Plot1,NA,NA,2023,Lagoon,Lagoon1,plot coordinates from AG,NA,3,5,5,5,HostB,HostB,HostB
RRAP-ECO03-2023-Shys-OCLB-2179_L1,,RRAP-ECO03-2023-Shys-OCLB-2179,batch1,L1,OCLB-2179,2179,OCLB,OCLB_LA1S_P1,OCLB_LA1S,-18.949405,147.7016985,3.2,3.2,Little Broadhurst,Lagoon1,5m,Shallow,Plot1,NA,NA,2023,Lagoon,Lagoon1,plot coordinates from AG,NA,3,5,5,5,HostB,HostB,HostB
RRAP-ECO03-2023-Shys-OCLB-2160_L1,,RRAP-ECO03-2023-Shys-OCLB-2160,batch1,L1,OCLB-2160,2160,OCLB,OCLB_LA1S_P1,OCLB_LA1S,-18.949405,147.7016985,3.2,3.2,Little Broadhurst,Lagoon1,5m,Shallow,Plot1,NA,NA,2023,Lagoon,Lagoon1,plot coordinates from AG,NA,3,5,5,5,HostB,HostB,HostB
RRAP-ECO03-2023-Shys-OCLB-2172_L2,,RRAP-ECO03-2023-Shys-OCLB-2172,batch1,L2,OCLB-2172,2172,OCLB,OCLB_LA1S_P2,OCLB_LA1S,-18.9493795,147.701859,3.6,3.6,Little Broadhurst,Lagoon1,5m,Shallow,Plot2,NA,NA,2023,Lagoon,Lagoon1,plot coordinates from AG,NA,3,5,5,5,HostB,HostB,HostB
RRAP-ECO03-2023-Shys-OCLB-2165_L1,,RRAP-ECO03-2023-Shys-OCLB-2165,batch1,L1,OCLB-2165,2165,OCLB,OCLB_LA1S_P4,OCLB_LA1S,-18.949362,147.7021085,3.6,3.6,Little Broadhurst,Lagoon1,5m,Shallow,Plot4,NA,NA,2023,Lagoon,Lagoon1,plot coordinates from AG,NA,3,5,5,5,HostB,HostB,HostB
RRAP-ECO03-2023-Shys-ONLI-2961_L3,part of plate4 renamed,RRAP-ECO03-2023-Shys-ONLI-2961,batch1,L3,ONLI-2961,2961,ONLI,ONLI_BV1S_P1,ONLI_BV1S,-14.684389,145.44,3.7,3.7,Lizard,NA,5m,Shallow,NA,3.7,45,2023,Back,BigVicki1,original coordinates,computer depth,3,5,5,5,HostB,HostB,HostB
RRAP-ECO03-2023-Shys-ONLI-2963_L3,,RRAP-ECO03-2023-Shys-ONLI-2963,batch1,L3,ONLI-2963,2963,ONLI,ONLI_BV1S_P1,ONLI_BV1S,-14.684389,145.44,3.6,3.6,Lizard,NA,5m,Shallow,NA,3.6,19,2023,Back,BigVicki1,original coordinates,computer depth,3,5,5,5,HostB,HostB,HostB
RRAP-ECO03-2023-Shys-ONLI-2951_L3,part of plate4 renamed,RRAP-ECO03-2023-Shys-ONLI-2951,batch1,L3,ONLI-2951,2951,ONLI,ONLI_BV1S_P3,ONLI_BV1S,-14.684389,145.44,2.4,2.4,Lizard,NA,5m,Shallow,NA,2.4,14,2023,Back,BigVicki1,original coordinates,computer depth,3,5,5,5,HostB,HostB,HostB
RRAP-ECO03-2023-Shys-ONLI-2954_L3,,RRAP-ECO03-2023-Shys-ONLI-2954,batch1,L3,ONLI-2954,2954,ONLI,ONLI_BV1S_P3,ONLI_BV1S,-14.684389,145.44,2.6,2.6,Lizard,NA,5m,Shallow,NA,2.6,13,2023,Back,BigVicki1,original coordinates,computer depth,3,5,5,5,HostB,HostB,HostB
RRAP-ECO03-2023-Shys-ONLI-2947_L3,,RRAP-ECO03-2023-Shys-ONLI-2947,batch1,L3,ONLI-2947,2947,ONLI,ONLI_BV1S_P4,ONLI_BV1S,-14.684389,145.44,1.8,1.8,Lizard,NA,5m,Shallow,NA,1.8,15.5,2023,Back,BigVicki1,original coordinates,computer depth,3,5,5,5,HostB,HostB,HostB
RRAP-ECO03-2023-Shys-ONLI-2946_L2,,RRAP-ECO03-2023-Shys-ONLI-2946,batch1,L2,ONLI-2946,2946,ONLI,ONLI_BV1S_P4,ONLI_BV1S,-14.684389,145.44,1.9,1.9,Lizard,NA,5m,Shallow,NA,1.9,15,2023,Back,BigVicki1,original coordinates,computer depth,3,5,5,5,HostB,HostB,HostB
RRAP-ECO03-2023-Shys-ONLI-3034_L1,,RRAP-ECO03-2023-Shys-ONLI-3034,batch1,L1,ONLI-3034,3034,ONLI,ONLI_CN1S,ONLI_CN1S,-14.658139,145.451583,2.3,2.3,Lizard,NA,5m,Shallow,NA,2.3,25,2023,Back,ClamNorth1,original coordinates,computer depth,3,5,5,5,HostB,HostB,HostB
RRAP-ECO03-2023-Shys-ONLI-3032_L1,,RRAP-ECO03-2023-Shys-ONLI-3032,batch1,L1,ONLI-3032,3032,ONLI,ONLI_CN1S_P1,ONLI_CN1S,-14.658139,145.451583,2.8,2.8,Lizard,NA,5m,Shallow,NA,2.8,4,2023,Back,ClamNorth1,original coordinates,computer depth,3,5,5,5,HostB,HostB,HostB
RRAP-ECO03-2023-Shys-ONLI-3033_L1,,RRAP-ECO03-2023-Shys-ONLI-3033,batch1,L1,ONLI-3033,3033,ONLI,ONLI_CN1S_P1,ONLI_CN1S,-14.658139,145.451583,3.5,3.5,Lizard,NA,5m,Shallow,NA,3.5,4,2023,Back,ClamNorth1,original coordinates,computer depth,3,5,5,5,HostB,HostB,HostB
RRAP-ECO03-2023-Shys-ONLI-3028_L1,,RRAP-ECO03-2023-Shys-ONLI-3028,batch1,L1,ONLI-3028,3028,ONLI,ONLI_CN1S_P4,ONLI_CN1S,-14.658139,145.451583,3.3,3.3,Lizard,NA,5m,Shallow,NA,3.3,18,2023,Back,ClamNorth1,original coordinates,computer depth,3,5,5,5,HostB,HostB,HostB
RRAP-ECO03-2023-Shys-ONLI-2292_L2,,RRAP-ECO03-2023-Shys-ONLI-2292,batch1,L2,ONLI-2292,2292,ONLI,ONLI_FL1S_P3,ONLI_FL1S,-14.698135,145.445475,3.9,3.9,Lizard,Flank1,5m,Shallow,Plot3,NA,NA,2023,Flank,Flank1,plot coordinates from AG,NA,3,5,5,5,HostB,HostB,HostB
RRAP-ECO03-2023-Shys-ONLI-2284_L1,,RRAP-ECO03-2023-Shys-ONLI-2284,batch1,L1,ONLI-2284,2284,ONLI,ONLI_FR2S_P2,ONLI_FR2S,-14.649549,145.493068,4.6,4.6,Lizard,Front2,5m,Shallow,Plot2,NA,NA,2023,Front,Front2,plot coordinates from AG,NA,3,5,5,5,HostB,HostB,HostB
RRAP-ECO03-2023-Shys-ONLI-2991_L1,,RRAP-ECO03-2023-Shys-ONLI-2991,batch1,L1,ONLI-2991,2991,ONLI,ONLI_LA2S_P1,ONLI_LA2S,-14.686861,145.454972,1.2,1.2,Lizard,NA,5m,Shallow,NA,1.2,>50,2023,Lagoon,Lagoon2,original coordinates,computer depth,3,5,5,5,HostB,HostB,HostB
RRAP-ECO03-2023-Shys-ONLI-2989_L1,,RRAP-ECO03-2023-Shys-ONLI-2989,batch1,L1,ONLI-2989,2989,ONLI,ONLI_LA2S_P1,ONLI_LA2S,-14.686861,145.454972,1.3,1.3,Lizard,NA,5m,Shallow,NA,1.3,26,2023,Lagoon,Lagoon2,original coordinates,computer depth,3,5,5,5,HostB,HostB,HostB
RRAP-ECO03-2023-Shys-ONLI-2993_L3,part of plate4 renamed,RRAP-ECO03-2023-Shys-ONLI-2993,batch1,L3,ONLI-2993,2993,ONLI,ONLI_LA2S_P2,ONLI_LA2S,-14.686861,145.454972,1.7,1.7,Lizard,NA,5m,Shallow,NA,1.7,17,2023,Lagoon,Lagoon2,original coordinates,computer depth,3,5,5,5,HostB,HostB,HostB
RRAP-ECO03-2023-Shys-ONLI-2996_L3,part of plate4 renamed,RRAP-ECO03-2023-Shys-ONLI-2996,batch1,L3,ONLI-2996,2996,ONLI,ONLI_LA2S_P3,ONLI_LA2S,-14.686861,145.454972,1.8,1.8,Lizard,NA,5m,Shallow,NA,1.8,10,2023,Lagoon,Lagoon2,original coordinates,computer depth,3,5,5,5,HostB,HostB,HostB
RRAP-ECO03-2023-Shys-ONLI-3000_L1,,RRAP-ECO03-2023-Shys-ONLI-3000,batch1,L1,ONLI-3000,3000,ONLI,ONLI_LA2S_P4,ONLI_LA2S,-14.686861,145.454972,1.5,1.5,Lizard,NA,5m,Shallow,NA,1.5,50,2023,Lagoon,Lagoon2,original coordinates,computer depth,3,5,5,5,HostB,HostB,HostB
RRAP-ECO03-2023-Shys-ONLI-2926_L1,,RRAP-ECO03-2023-Shys-ONLI-2926,batch1,L1,ONLI-2926,2926,ONLI,ONLI_LO1S_P4,ONLI_LO1S,-14.6835,145.450361,1.8,1.8,Lizard,NA,5m,Shallow,NA,1.8,30,2023,Lagoon,Loomis1,original coordinates,computer depth,3,5,5,5,HostB,HostB,HostB
RRAP-ECO03-2023-Shys-ONLI-2967_L3,part of plate4 renamed,RRAP-ECO03-2023-Shys-ONLI-2967,batch1,L3,ONLI-2967,2967,ONLI,ONLI_RB1S_P1,ONLI_RB1S,-14.679194,145.443583,5,5,Lizard,NA,5m,Shallow,NA,5,20,2023,Back,Research1,original coordinates,computer depth,3,5,5,5,HostB,HostB,HostB
RRAP-ECO03-2023-Shys-ONLI-2966_L3,part of plate4 renamed,RRAP-ECO03-2023-Shys-ONLI-2966,batch1,L3,ONLI-2966,2966,ONLI,ONLI_RB1S_P1,ONLI_RB1S,-14.679194,145.443583,5.4,5.4,Lizard,NA,5m,Shallow,NA,5.4,6,2023,Back,Research1,original coordinates,computer depth,3,5,5,5,HostB,HostB,HostB
RRAP-ECO03-2023-Shys-ONLI-2970_L3,,RRAP-ECO03-2023-Shys-ONLI-2970,batch1,L3,ONLI-2970,2970,ONLI,ONLI_RB1S_P1,ONLI_RB1S,-14.679194,145.443583,5,5,Lizard,NA,5m,Shallow,NA,5,20,2023,Back,Research1,original coordinates,computer depth,3,5,5,5,HostB,HostB,HostB
RRAP-ECO03-2023-Shys-ONLI-2980_L2,,RRAP-ECO03-2023-Shys-ONLI-2980,batch1,L2,ONLI-2980,2980,ONLI,ONLI_RB1S_P3,ONLI_RB1S,-14.679194,145.443583,5,5,Lizard,NA,5m,Shallow,NA,5,20,2023,Back,Research1,original coordinates,computer depth,3,5,5,5,HostB,HostB,HostB
RRAP-ECO03-2023-Shys-ONLI-2982_L3,,RRAP-ECO03-2023-Shys-ONLI-2982,batch1,L3,ONLI-2982,2982,ONLI,ONLI_RB1S_P4,ONLI_RB1S,-14.679194,145.443583,4.6,4.6,Lizard,NA,5m,Shallow,NA,4.6,20,2023,Back,Research1,original coordinates,computer depth,3,5,5,5,HostB,HostB,HostB
RRAP-ECO03-2023-Shys-ONLI-3008_L3,part of plate4 renamed,RRAP-ECO03-2023-Shys-ONLI-3008,batch1,L3,ONLI-3008,3008,ONLI,ONLI_TA1S_P1,ONLI_TA1S,-14.685111,145.466972,1.2,1.2,Lizard,NA,5m,Shallow,NA,1.2,20,2023,Lagoon,Tail1,original coordinates,computer depth,3,5,5,5,HostB,HostB,HostB
RRAP-ECO03-2023-Shys-ONLI-3007_L3,part of plate4 renamed,RRAP-ECO03-2023-Shys-ONLI-3007,batch1,L3,ONLI-3007,3007,ONLI,ONLI_TA1S_P1,ONLI_TA1S,-14.685111,145.466972,1.3,1.3,Lizard,NA,5m,Shallow,NA,1.3,27,2023,Lagoon,Tail1,original coordinates,computer depth,3,5,5,5,HostB,HostB,HostB
RRAP-ECO03-2023-Shys-ONLI-3002_L3,part of plate4 renamed,RRAP-ECO03-2023-Shys-ONLI-3002,batch1,L3,ONLI-3002,3002,ONLI,ONLI_TA1S_P1,ONLI_TA1S,-14.685111,145.466972,1.9,1.9,Lizard,NA,5m,Shallow,NA,1.9,8,2023,Lagoon,Tail1,original coordinates,computer depth,3,5,5,5,HostB,HostB,HostB
RRAP-ECO03-2023-Shys-ONLI-3005_L2,,RRAP-ECO03-2023-Shys-ONLI-3005,batch1,L2,ONLI-3005,3005,ONLI,ONLI_TA1S_P1,ONLI_TA1S,-14.685111,145.466972,1.7,1.7,Lizard,NA,5m,Shallow,NA,1.7,15,2023,Lagoon,Tail1,original coordinates,computer depth,3,5,5,5,HostB,HostB,HostB
RRAP-ECO03-2023-Shys-ONLI-3014_L3,part of plate4 renamed,RRAP-ECO03-2023-Shys-ONLI-3014,batch1,L3,ONLI-3014,3014,ONLI,ONLI_TA1S_P2,ONLI_TA1S,-14.685111,145.466972,2.5,2.5,Lizard,NA,5m,Shallow,NA,2.5,20,2023,Lagoon,Tail1,original coordinates,computer depth,3,5,5,5,HostB,HostB,HostB
RRAP-ECO03-2022-Shys-ONMO-1639_L2,,RRAP-ECO03-2022-Shys-ONMO-1639,batch1,L2,ONMO-1639,1639,ONMO,ONMO_LA1S_P1,ONMO_LA1S,-16.8599555,146.225459,3.6,3.6,Moore,Lagoon1,5m,Shallow,Plot1,NA,NA,2022,Lagoon,Lagoon1,plot coordinates from AG,NA,3,5,5,5,HostB,HostB,HostB
RRAP-ECO03-2022-Shys-ONMO-1642_L2,,RRAP-ECO03-2022-Shys-ONMO-1642,batch1,L2,ONMO-1642,1642,ONMO,ONMO_LA1S_P1,ONMO_LA1S,-16.8599555,146.225459,3.6,3.6,Moore,Lagoon1,5m,Shallow,Plot1,NA,NA,2022,Lagoon,Lagoon1,plot coordinates from AG,NA,3,5,5,5,HostB,HostB,HostB
RRAP-ECO03-2022-Shys-ONMO-1652_L2,,RRAP-ECO03-2022-Shys-ONMO-1652,batch1,L2,ONMO-1652,1652,ONMO,ONMO_LA1S_P2,ONMO_LA1S,-16.8599545,146.2257745,4.2,4.2,Moore,Lagoon1,5m,Shallow,Plot2,NA,NA,2022,Lagoon,Lagoon1,plot coordinates from AG,NA,3,5,5,5,HostB,HostB,HostB
RRAP-ECO03-2022-Shys-ONMO-1653_L2,,RRAP-ECO03-2022-Shys-ONMO-1653,batch1,L2,ONMO-1653,1653,ONMO,ONMO_LA1S_P2,ONMO_LA1S,-16.8599545,146.2257745,4.2,4.2,Moore,Lagoon1,5m,Shallow,Plot2,NA,NA,2022,Lagoon,Lagoon1,plot coordinates from AG,NA,3,5,5,5,HostB,HostB,HostB
RRAP-ECO03-2022-Shys-ONMO-1655_L2,,RRAP-ECO03-2022-Shys-ONMO-1655,batch1,L2,ONMO-1655,1655,ONMO,ONMO_LA1S_P3,ONMO_LA1S,-16.8598625,146.2258965,3.9,3.9,Moore,Lagoon1,5m,Shallow,Plot3,NA,NA,2022,Lagoon,Lagoon1,plot coordinates from AG,NA,3,5,5,5,HostB,HostB,HostB
RRAP-ECO03-2022-Shys-ONMO-1644_L2,,RRAP-ECO03-2022-Shys-ONMO-1644,batch1,L2,ONMO-1644,1644,ONMO,ONMO_LA1S_P3,ONMO_LA1S,-16.8598625,146.2258965,3.9,3.9,Moore,Lagoon1,5m,Shallow,Plot3,NA,NA,2022,Lagoon,Lagoon1,plot coordinates from AG,NA,3,5,5,5,HostB,HostB,HostB
RRAP-ECO03-2022-Shys-ONMO-1635_L2,,RRAP-ECO03-2022-Shys-ONMO-1635,batch1,L2,ONMO-1635,1635,ONMO,ONMO_LA1S_P3,ONMO_LA1S,-16.8598625,146.2258965,3.9,3.9,Moore,Lagoon1,5m,Shallow,Plot3,NA,NA,2022,Lagoon,Lagoon1,plot coordinates from AG,NA,3,5,5,5,HostB,HostB,HostB
RRAP-ECO03-2022-Shys-ONMO-1654_L2,,RRAP-ECO03-2022-Shys-ONMO-1654,batch1,L2,ONMO-1654,1654,ONMO,ONMO_LA1S_P4,ONMO_LA1S,-16.8597595,146.225918,4.1,4.1,Moore,Lagoon1,5m,Shallow,Plot4,NA,NA,2022,Lagoon,Lagoon1,plot coordinates from AG,NA,3,5,5,5,HostB,HostB,HostB
RRAP-ECO03-2022-Shys-ONMO-1658_L2,,RRAP-ECO03-2022-Shys-ONMO-1658,batch1,L2,ONMO-1658,1658,ONMO,ONMO_LA1S_P4,ONMO_LA1S,-16.8597595,146.225918,4.1,4.1,Moore,Lagoon1,5m,Shallow,Plot4,NA,NA,2022,Lagoon,Lagoon1,plot coordinates from AG,NA,3,5,5,5,HostB,HostB,HostB
RRAP-ECO03-2022-Shys-PAPE-BLCH253B_L2,,RRAP-ECO03-2022-Shys-PAPE-BLCH253B,batch1,L2,PAPE-BLCH253B,BLCH253B,PAPE,PAPE_BA1S_P1,PAPE_BA1S,-18.5505295,146.4884325,2.5,2.5,Pelorus,Back1,5m,Shallow,Plot1,NA,NA,2022,Back,Back1,plot coordinates from AG,NA,3,5,5,5,HostB,HostB,HostB
RRAP-ECO03-2022-Shys-PAPE-BLCH254B_L2,,RRAP-ECO03-2022-Shys-PAPE-BLCH254B,batch1,L2,PAPE-BLCH254B,BLCH254B,PAPE,PAPE_BA1S_P1,PAPE_BA1S,-18.5505295,146.4884325,2.5,2.5,Pelorus,Back1,5m,Shallow,Plot1,NA,NA,2022,Back,Back1,plot coordinates from AG,NA,3,5,5,5,HostB,HostB,HostB
RRAP-ECO03-2022-Shys-PAPE-BLCH251B_L2,,RRAP-ECO03-2022-Shys-PAPE-BLCH251B,batch1,L2,PAPE-BLCH251B,BLCH251B,PAPE,PAPE_BA1S_P1,PAPE_BA1S,-18.5505295,146.4884325,2.5,2.5,Pelorus,Back1,5m,Shallow,Plot1,NA,NA,2022,Back,Back1,plot coordinates from AG,NA,3,5,5,5,HostB,HostB,HostB
RRAP-ECO03-2023-Shys-PAPE-2050_L2,,RRAP-ECO03-2023-Shys-PAPE-2050,batch1,L2,PAPE-2050,2050,PAPE,PAPE_BA1S_P1,PAPE_BA1S,-18.5505295,146.4884325,2.5,2.5,Pelorus,Back1,5m,Shallow,Plot1,NA,NA,2023,Back,Back1,plot coordinates from AG,NA,3,5,5,5,HostB,HostB,HostB
RRAP-ECO03-2023-Shys-PAPE-2049_L2,,RRAP-ECO03-2023-Shys-PAPE-2049,batch1,L2,PAPE-2049,2049,PAPE,PAPE_BA1S_P1,PAPE_BA1S,-18.5505295,146.4884325,2.5,2.5,Pelorus,Back1,5m,Shallow,Plot1,NA,NA,2023,Back,Back1,plot coordinates from AG,NA,3,5,5,5,HostB,HostB,HostB
RRAP-ECO03-2022-Shys-PAPE-BLCH257B_L2,,RRAP-ECO03-2022-Shys-PAPE-BLCH257B,batch1,L2,PAPE-BLCH257B,BLCH257B,PAPE,PAPE_BA1S_P2,PAPE_BA1S,-18.55071,146.488428,2.4,2.4,Pelorus,Back1,5m,Shallow,Plot2,NA,NA,2022,Back,Back1,plot coordinates from AG,NA,3,5,5,5,HostB,HostB,HostB
RRAP-ECO03-2022-Shys-PAPE-BLCH256B_L2,,RRAP-ECO03-2022-Shys-PAPE-BLCH256B,batch1,L2,PAPE-BLCH256B,BLCH256B,PAPE,PAPE_BA1S_P2,PAPE_BA1S,-18.55071,146.488428,2.4,2.4,Pelorus,Back1,5m,Shallow,Plot2,NA,NA,2022,Back,Back1,plot coordinates from AG,NA,3,5,5,5,HostB,HostB,HostB
RRAP-ECO03-2022-Shys-PAPE-BLCH260B_L2,,RRAP-ECO03-2022-Shys-PAPE-BLCH260B,batch1,L2,PAPE-BLCH260B,BLCH260B,PAPE,PAPE_BA1S_P2,PAPE_BA1S,-18.55071,146.488428,2.4,2.4,Pelorus,Back1,5m,Shallow,Plot2,NA,NA,2022,Back,Back1,plot coordinates from AG,NA,3,5,5,5,HostB,HostB,HostB
RRAP-ECO03-2022-Shys-PAPE-BLCH250A_L2,,RRAP-ECO03-2022-Shys-PAPE-BLCH250A,batch1,L2,PAPE-BLCH250A,BLCH250A,PAPE,PAPE_BA1S_P3,PAPE_BA1S,-18.550857,146.4884365,2.4,2.4,Pelorus,Back1,5m,Shallow,Plot3,NA,NA,2022,Back,Back1,plot coordinates from AG,NA,3,5,5,5,HostB,HostB,HostB
RRAP-ECO03-2022-Shys-PAPE-BLCH246A_L2,,RRAP-ECO03-2022-Shys-PAPE-BLCH246A,batch1,L2,PAPE-BLCH246A,BLCH246A,PAPE,PAPE_BA1S_P3,PAPE_BA1S,-18.550857,146.4884365,2.4,2.4,Pelorus,Back1,5m,Shallow,Plot3,NA,NA,2022,Back,Back1,plot coordinates from AG,NA,3,5,5,5,HostB,HostB,HostB
RRAP-ECO03-2022-Shys-PAPE-BLCH247A_L2,,RRAP-ECO03-2022-Shys-PAPE-BLCH247A,batch1,L2,PAPE-BLCH247A,BLCH247A,PAPE,PAPE_BA1S_P3,PAPE_BA1S,-18.550857,146.4884365,2.4,2.4,Pelorus,Back1,5m,Shallow,Plot3,NA,NA,2022,Back,Back1,plot coordinates from AG,NA,3,5,5,5,HostB,HostB,HostB
RRAP-ECO03-2022-Shys-PAPE-BLCH248A_L2,,RRAP-ECO03-2022-Shys-PAPE-BLCH248A,batch1,L2,PAPE-BLCH248A,BLCH248A,PAPE,PAPE_BA1S_P3,PAPE_BA1S,-18.550857,146.4884365,2.4,2.4,Pelorus,Back1,5m,Shallow,Plot3,NA,NA,2022,Back,Back1,plot coordinates from AG,NA,3,5,5,5,HostB,HostB,HostB
RRAP-ECO03-2022-Shys-PAPE-BLCH249A_L2,,RRAP-ECO03-2022-Shys-PAPE-BLCH249A,batch1,L2,PAPE-BLCH249A,BLCH249A,PAPE,PAPE_BA1S_P3,PAPE_BA1S,-18.550857,146.4884365,2.4,2.4,Pelorus,Back1,5m,Shallow,Plot3,NA,NA,2022,Back,Back1,plot coordinates from AG,NA,3,5,5,5,HostB,HostB,HostB
RRAP-ECO03-2022-Shys-PAPE-BLCH245A_L2,,RRAP-ECO03-2022-Shys-PAPE-BLCH245A,batch1,L2,PAPE-BLCH245A,BLCH245A,PAPE,PAPE_BA1S_P3,PAPE_BA1S,-18.550857,146.4884365,2.4,2.4,Pelorus,Back1,5m,Shallow,Plot3,NA,NA,2022,Back,Back1,plot coordinates from AG,NA,3,5,5,5,HostB,HostB,HostB
RRAP-ECO03-2023-Shys-PAPE-2062_L3,,RRAP-ECO03-2023-Shys-PAPE-2062,batch1,L3,PAPE-2062,2062,PAPE,PAPE_BA1S_P3,PAPE_BA1S,-18.550857,146.4884365,2.4,2.4,Pelorus,Back1,5m,Shallow,Plot3,NA,NA,2023,Back,Back1,plot coordinates from AG,NA,3,5,5,5,HostB,HostB,HostB
RRAP-ECO03-2023-Shys-PAPE-2060_L2,,RRAP-ECO03-2023-Shys-PAPE-2060,batch1,L2,PAPE-2060,2060,PAPE,PAPE_BA1S_P3,PAPE_BA1S,-18.550857,146.4884365,2.4,2.4,Pelorus,Back1,5m,Shallow,Plot3,NA,NA,2023,Back,Back1,plot coordinates from AG,NA,3,5,5,5,HostB,HostB,HostB
RRAP-ECO03-2022-Shys-PAPE-BLCH261B_L2,,RRAP-ECO03-2022-Shys-PAPE-BLCH261B,batch1,L2,PAPE-BLCH261B,BLCH261B,PAPE,PAPE_BA1S_P4,PAPE_BA1S,-18.550977,146.488431,2,2,Pelorus,Back1,5m,Shallow,Plot4,NA,NA,2022,Back,Back1,plot coordinates from AG,NA,3,5,5,5,HostB,HostB,HostB
RRAP-ECO03-2022-Shys-PAPE-BLCH265B_L2,,RRAP-ECO03-2022-Shys-PAPE-BLCH265B,batch1,L2,PAPE-BLCH265B,BLCH265B,PAPE,PAPE_BA1S_P4,PAPE_BA1S,-18.550977,146.488431,2,2,Pelorus,Back1,5m,Shallow,Plot4,NA,NA,2022,Back,Back1,plot coordinates from AG,NA,3,5,5,5,HostB,HostB,HostB
RRAP-ECO03-2022-Shys-PAPE-BLCH251A_L2,,RRAP-ECO03-2022-Shys-PAPE-BLCH251A,batch1,L2,PAPE-BLCH251A,BLCH251A,PAPE,PAPE_BA1S_P4,PAPE_BA1S,-18.550977,146.488431,2,2,Pelorus,Back1,5m,Shallow,Plot4,NA,NA,2022,Back,Back1,plot coordinates from AG,NA,3,5,5,5,HostB,HostB,HostB
RRAP-ECO03-2022-Shys-PAPE-BLCH263B_L2,,RRAP-ECO03-2022-Shys-PAPE-BLCH263B,batch1,L2,PAPE-BLCH263B,BLCH263B,PAPE,PAPE_BA1S_P4,PAPE_BA1S,-18.550977,146.488431,2,2,Pelorus,Back1,5m,Shallow,Plot4,NA,NA,2022,Back,Back1,plot coordinates from AG,NA,3,5,5,5,HostB,HostB,HostB
RRAP-ECO03-2022-Shys-PAPE-BLCH252A_L2,,RRAP-ECO03-2022-Shys-PAPE-BLCH252A,batch1,L2,PAPE-BLCH252A,BLCH252A,PAPE,PAPE_BA1S_P4,PAPE_BA1S,-18.550977,146.488431,2,2,Pelorus,Back1,5m,Shallow,Plot4,NA,NA,2022,Back,Back1,plot coordinates from AG,NA,3,5,5,5,HostB,HostB,HostB
RRAP-ECO03-2022-Shys-PAPE-BLCH264B_L2,,RRAP-ECO03-2022-Shys-PAPE-BLCH264B,batch1,L2,PAPE-BLCH264B,BLCH264B,PAPE,PAPE_BA1S_P4,PAPE_BA1S,-18.550977,146.488431,2,2,Pelorus,Back1,5m,Shallow,Plot4,NA,NA,2022,Back,Back1,plot coordinates from AG,NA,3,5,5,5,HostB,HostB,HostB
RRAP-ECO03-2023-Shys-PAPE-2067_L2,,RRAP-ECO03-2023-Shys-PAPE-2067,batch1,L2,PAPE-2067,2067,PAPE,PAPE_BA1S_P4,PAPE_BA1S,-18.550977,146.488431,2,2,Pelorus,Back1,5m,Shallow,Plot4,NA,NA,2023,Back,Back1,plot coordinates from AG,NA,3,5,5,5,HostB,HostB,HostB
RRAP-ECO03-2023-Shys-PAPE-2069_L3,,RRAP-ECO03-2023-Shys-PAPE-2069,batch1,L3,PAPE-2069,2069,PAPE,PAPE_BA2S_P1,PAPE_BA2S,-18.54077403,146.4886517,2.2,2.2,Pelorus,Back2,5m,Shallow,Plot1,NA,NA,2023,Back,Back2,plot coordinates from AG,NA,3,5,5,5,HostB,HostB,HostB
RRAP-ECO03-2023-Shys-PAPE-2083_L3,,RRAP-ECO03-2023-Shys-PAPE-2083,batch1,L3,PAPE-2083,2083,PAPE,PAPE_BA2S_P2,PAPE_BA2S,-18.54093586,146.4886141,2.3,2.3,Pelorus,Back2,5m,Shallow,Plot2,NA,NA,2023,Back,Back2,plot coordinates from AG,NA,3,5,5,5,HostB,HostB,HostB
RRAP-ECO03-2023-Shys-PAPE-2084_L2,,RRAP-ECO03-2023-Shys-PAPE-2084,batch1,L2,PAPE-2084,2084,PAPE,PAPE_BA2S_P2,PAPE_BA2S,-18.54093586,146.4886141,2.3,2.3,Pelorus,Back2,5m,Shallow,Plot2,NA,NA,2023,Back,Back2,plot coordinates from AG,NA,3,5,5,5,HostB,HostB,HostB
RRAP-ECO03-2023-Shys-PAPE-2088_L3,,RRAP-ECO03-2023-Shys-PAPE-2088,batch1,L3,PAPE-2088,2088,PAPE,PAPE_BA2S_P3,PAPE_BA2S,-18.54103498,146.4886175,2.6,2.6,Pelorus,Back2,5m,Shallow,Plot3,NA,NA,2023,Back,Back2,plot coordinates from AG,NA,3,5,5,5,HostB,HostB,HostB
RRAP-ECO03-2023-Shys-PAPE-2080_L3,,RRAP-ECO03-2023-Shys-PAPE-2080,batch1,L3,PAPE-2080,2080,PAPE,PAPE_BA2S_P3,PAPE_BA2S,-18.54103498,146.4886175,2.6,2.6,Pelorus,Back2,5m,Shallow,Plot3,NA,NA,2023,Back,Back2,plot coordinates from AG,NA,3,5,5,5,HostB,HostB,HostB
RRAP-ECO03-2023-Shys-PAPE-2091_L2,,RRAP-ECO03-2023-Shys-PAPE-2091,batch1,L2,PAPE-2091,2091,PAPE,PAPE_BA2S_P4,PAPE_BA2S,-18.54116213,146.4886241,2.7,2.7,Pelorus,Back2,5m,Shallow,Plot4,NA,NA,2023,Back,Back2,plot coordinates from AG,NA,3,5,5,5,HostB,HostB,HostB
RRAP-ECO03-2022-Shys-TSAU-899_L3,,RRAP-ECO03-2022-Shys-TSAU-899,batch1,L3,TSAU-899,899,TSAU,TSAU_BA1S_P1,TSAU_BA1S,-9.867615,143.389355,3.3,3.3,Aukane,Back1,5m,Shallow,Plot1,NA,NA,2022,Back,Back1,original coordinates,NA,3,5,5,5,HostB,HostB,HostB
RRAP-ECO03-2022-Shys-TSAU-893_L3,,RRAP-ECO03-2022-Shys-TSAU-893,batch1,L3,TSAU-893,893,TSAU,TSAU_BA1S_P2,TSAU_BA1S,-9.867615,143.389355,3.7,3.7,Aukane,Back1,5m,Shallow,Plot2,NA,NA,2022,Back,Back1,original coordinates,NA,3,5,5,5,HostB,HostB,HostB
RRAP-ECO03-2022-Shys-TSAU-874_L1,,RRAP-ECO03-2022-Shys-TSAU-874,batch1,L1,TSAU-874,874,TSAU,TSAU_BA2S_P2,TSAU_BA2S,-9.8757,143.388545,2.7,2.7,Aukane,Back2,5m,Shallow,Plot2,NA,NA,2022,Back,Back2,original coordinates,NA,3,5,5,5,HostB,HostB,HostB
RRAP-ECO03-2022-Shys-TSAU-877_L1,,RRAP-ECO03-2022-Shys-TSAU-877,batch1,L1,TSAU-877,877,TSAU,TSAU_BA2S_P4,TSAU_BA2S,-9.8757,143.388545,3.8,3.8,Aukane,Back2,5m,Shallow,Plot4,NA,NA,2022,Back,Back2,original coordinates,NA,3,5,5,5,HostB,HostB,HostB
RRAP-ECO03-2022-Shys-TSMA-963_L2,,RRAP-ECO03-2022-Shys-TSMA-963,batch1,L2,TSMA-963,963,TSMA,TSMA_BA1S_P3,TSMA_BA1S,-9.748895,143.399825,3.8,3.8,Masig,Back1,5m,Shallow,Plot3,NA,NA,2022,Back,Back1,original coordinates,NA,3,5,5,5,HostB,HostB,HostB
RRAP-ECO03-2022-Shys-TSMA-966_L2,,RRAP-ECO03-2022-Shys-TSMA-966,batch1,L2,TSMA-966,966,TSMA,TSMA_BA1S_P4,TSMA_BA1S,-9.749119759,143.3996124,3.9,3.9,Masig,Back1,5m,Shallow,Plot4,NA,NA,2022,Back,Back1,original coordinates,NA,3,5,5,5,HostB,HostB,HostB
RRAP-ECO03-2022-Shys-TSMA-964_L1,,RRAP-ECO03-2022-Shys-TSMA-964,batch1,L1,TSMA-964,964,TSMA,TSMA_BA1S_P4,TSMA_BA1S,-9.749119759,143.3996124,3.9,3.9,Masig,Back1,5m,Shallow,Plot4,NA,NA,2022,Back,Back1,original coordinates,NA,3,5,5,5,HostB,HostB,HostB
RRAP-ECO03-2022-Shys-TSMA-985_L1,,RRAP-ECO03-2022-Shys-TSMA-985,batch1,L1,TSMA-985,985,TSMA,TSMA_BA2D_P3,TSMA_BA2D,-9.74409,143.41574,8.8,8.8,Masig,Back2,10m,Deep,Plot3,NA,NA,2022,Back,Back2,original coordinates,NA,3,5,5,5,HostB,HostB,HostB
RRAP-ECO03-2022-Shys-TSMA-974_L1,,RRAP-ECO03-2022-Shys-TSMA-974,batch1,L1,TSMA-974,974,TSMA,TSMA_BA2D_P4,TSMA_BA2D,-9.74409,143.41574,8.7,8.7,Masig,Back2,10m,Deep,Plot4,NA,NA,2022,Back,Back2,original coordinates,NA,3,5,5,5,HostB,HostB,HostB
RRAP-ECO03-2022-Shys-TSMA-1040_L2,,RRAP-ECO03-2022-Shys-TSMA-1040,batch1,L2,TSMA-1040,1040,TSMA,TSMA_BA2S_P1,TSMA_BA2S,-9.7442395,143.415763,3.3,3.3,Masig,Back2,5m,Shallow,Plot1,NA,NA,2022,Back,Back2,original coordinates,NA,3,5,5,5,HostB,HostB,HostB
RRAP-ECO03-2022-Shys-TSMA-1026_L1,,RRAP-ECO03-2022-Shys-TSMA-1026,batch1,L1,TSMA-1026,1026,TSMA,TSMA_BA2S_P2,TSMA_BA2S,-9.7442395,143.415763,3.8,3.8,Masig,Back2,5m,Shallow,Plot2,NA,NA,2022,Back,Back2,original coordinates,NA,3,5,5,5,HostB,HostB,HostB
RRAP-ECO03-2022-Shys-TSMA-1033_L2,,RRAP-ECO03-2022-Shys-TSMA-1033,batch1,L2,TSMA-1033,1033,TSMA,TSMA_BA2S_P4,TSMA_BA2S,-9.7442395,143.415763,4.1,4.1,Masig,Back2,5m,Shallow,Plot4,NA,NA,2022,Back,Back2,original coordinates,NA,3,5,5,5,HostB,HostB,HostB
RRAP-ECO03-2022-Shys-TSMA-1031_L1,,RRAP-ECO03-2022-Shys-TSMA-1031,batch1,L1,TSMA-1031,1031,TSMA,TSMA_BA2S_P4,TSMA_BA2S,-9.7442395,143.415763,4.1,4.1,Masig,Back2,5m,Shallow,Plot4,NA,NA,2022,Back,Back2,original coordinates,NA,3,5,5,5,HostB,HostB,HostB
RRAP-ECO03-2022-Shys-TSMA-1019_L2,,RRAP-ECO03-2022-Shys-TSMA-1019,batch1,L2,TSMA-1019,1019,TSMA,TSMA_FL1S_P2,TSMA_FL1S,-9.759895,143.39796,3.3,3.3,Masig,Flank1,5m,Shallow,Plot2,NA,NA,2022,Flank,Flank1,original coordinates,NA,3,5,5,5,HostB,HostB,HostB
RRAP-ECO03-2022-Shys-TSMA-944_L1,,RRAP-ECO03-2022-Shys-TSMA-944,batch1,L1,TSMA-944,944,TSMA,TSMA_FR2S_P3,TSMA_FR2S,-9.74838,143.458505,4.3,4.3,Masig,Front2,5m,Shallow,Plot3,NA,NA,2022,Front,Front2,original coordinates,NA,3,5,5,5,HostB,HostB,HostB
RRAP-ECO03-2022-Shys-TSMA-993_L2,,RRAP-ECO03-2022-Shys-TSMA-993,batch1,L2,TSMA-993,993,TSMA,TSMA_LA1S_P1,TSMA_LA1S,-9.73404,143.43519,3.3,3.3,Masig,Lagoon1,5m,Shallow,Plot1,NA,NA,2022,Lagoon,Lagoon1,original coordinates,NA,3,5,5,5,HostB,HostB,HostB
RRAP-ECO03-2022-Shys-TSMA-991_L1,,RRAP-ECO03-2022-Shys-TSMA-991,batch1,L1,TSMA-991,991,TSMA,TSMA_LA1S_P1,TSMA_LA1S,-9.73404,143.43519,3.3,3.3,Masig,Lagoon1,5m,Shallow,Plot1,NA,NA,2022,Lagoon,Lagoon1,original coordinates,NA,3,5,5,5,HostB,HostB,HostB
RRAP-ECO03-2022-Shys-TSMA-989_L1,,RRAP-ECO03-2022-Shys-TSMA-989,batch1,L1,TSMA-989,989,TSMA,TSMA_LA1S_P1,TSMA_LA1S,-9.73404,143.43519,3.3,3.3,Masig,Lagoon1,5m,Shallow,Plot1,NA,NA,2022,Lagoon,Lagoon1,original coordinates,NA,3,5,5,5,HostB,HostB,HostB
RRAP-ECO03-2022-Shys-TSMA-1000_L1,,RRAP-ECO03-2022-Shys-TSMA-1000,batch1,L1,TSMA-1000,1000,TSMA,TSMA_LA1S_P2,TSMA_LA1S,-9.73404,143.43519,3.5,3.5,Masig,Lagoon1,5m,Shallow,Plot2,NA,NA,2022,Lagoon,Lagoon1,original coordinates,NA,3,5,5,5,HostB,HostB,HostB
RRAP-ECO03-2022-Shys-TSMA-998_L2,,RRAP-ECO03-2022-Shys-TSMA-998,batch1,L2,TSMA-998,998,TSMA,TSMA_LA1S_P4,TSMA_LA1S,-9.73404,143.43519,3.5,3.5,Masig,Lagoon1,5m,Shallow,Plot4,NA,NA,2022,Lagoon,Lagoon1,original coordinates,NA,3,5,5,5,HostB,HostB,HostB
RRAP-ECO03-2022-Shys-TSMA-1003_L2,,RRAP-ECO03-2022-Shys-TSMA-1003,batch1,L2,TSMA-1003,1003,TSMA,TSMA_LA1S_P4,TSMA_LA1S,-9.73404,143.43519,3.5,3.5,Masig,Lagoon1,5m,Shallow,Plot4,NA,NA,2022,Lagoon,Lagoon1,original coordinates,NA,3,5,5,5,HostB,HostB,HostB
RRAP-ECO03-2022-Shys-OCLB-BLCH188B_L2,,RRAP-ECO03-2022-Shys-OCLB-BLCH188B,batch1,L2,OCLB-BLCH188B,BLCH188B,OCLB,OCLB_BA1S_P1,OCLB_BA1S,-18.949138,147.6930675,3.8,3.8,Little Broadhurst,Back1,5m,Shallow,Plot1,NA,NA,2022,Back,Back1,plot coordinates from AG,NA,,NA,NA,NA,HostB,HostB,
RRAP-ECO03-2022-Shys-OCLB-BLCH176B_L2,,RRAP-ECO03-2022-Shys-OCLB-BLCH176B,batch1,L2,OCLB-BLCH176B,BLCH176B,OCLB,OCLB_FL1S_P1,OCLB_FL1S,-18.9440645,147.699442,4.5,4.5,Little Broadhurst,Flank1,5m,Shallow,Plot1,NA,NA,2022,Flank,Flank1,plot coordinates from AG,NA,,NA,NA,NA,HostB,HostB,
RRAP-ECO03-2022-Shys-OCLB-BLCH177B_L2,,RRAP-ECO03-2022-Shys-OCLB-BLCH177B,batch1,L2,OCLB-BLCH177B,BLCH177B,OCLB,OCLB_FL1S_P2,OCLB_FL1S,-18.943966,147.699309,3.9,3.9,Little Broadhurst,Flank1,5m,Shallow,Plot2,NA,NA,2022,Flank,Flank1,plot coordinates from AG,NA,,NA,NA,NA,HostB,HostB,
RRAP-ECO03-2022-Shys-OCLB-BLCH179B_L2,,RRAP-ECO03-2022-Shys-OCLB-BLCH179B,batch1,L2,OCLB-BLCH179B,BLCH179B,OCLB,OCLB_FL1S_P2,OCLB_FL1S,-18.943966,147.699309,3.9,3.9,Little Broadhurst,Flank1,5m,Shallow,Plot2,NA,NA,2022,Flank,Flank1,plot coordinates from AG,NA,,NA,NA,NA,HostB,HostB,
RRAP-ECO03-2022-Shys-OCLB-BLCH182B_L2,,RRAP-ECO03-2022-Shys-OCLB-BLCH182B,batch1,L2,OCLB-BLCH182B,BLCH182B,OCLB,OCLB_FL1S_P3,OCLB_FL1S,-18.9439165,147.699257,5.8,5.8,Little Broadhurst,Flank1,5m,Shallow,Plot3,NA,NA,2022,Flank,Flank1,plot coordinates from AG,NA,,NA,NA,NA,HostB,HostB,
RRAP-ECO03-2022-Shys-ONMO-1657_L2,,RRAP-ECO03-2022-Shys-ONMO-1657,batch1,L2,ONMO-1657,1657,ONMO,ONMO_LA1S_P3,ONMO_LA1S,-16.8598625,146.2258965,3.9,3.9,Moore,Lagoon1,5m,Shallow,Plot3,NA,NA,2022,Lagoon,Lagoon1,plot coordinates from AG,NA,,NA,NA,NA,HostB,HostB,
RRAP-ECO03-2022-Shys-PAPE-BLCH252B_L2,,RRAP-ECO03-2022-Shys-PAPE-BLCH252B,batch1,L2,PAPE-BLCH252B,BLCH252B,PAPE,PAPE_BA1S_P1,PAPE_BA1S,-18.5505295,146.4884325,2.5,2.5,Pelorus,Back1,5m,Shallow,Plot1,NA,NA,2022,Back,Back1,plot coordinates from AG,NA,,NA,NA,NA,HostB,HostB,
RRAP-ECO03-2022-Shys-PAPE-BLCH255B_L2,,RRAP-ECO03-2022-Shys-PAPE-BLCH255B,batch1,L2,PAPE-BLCH255B,BLCH255B,PAPE,PAPE_BA1S_P1,PAPE_BA1S,-18.5505295,146.4884325,2.5,2.5,Pelorus,Back1,5m,Shallow,Plot1,NA,NA,2022,Back,Back1,plot coordinates from AG,NA,,NA,NA,NA,HostB,HostB,
RRAP-ECO03-2022-Shys-PAPE-BLCH259B_L2,,RRAP-ECO03-2022-Shys-PAPE-BLCH259B,batch1,L2,PAPE-BLCH259B,BLCH259B,PAPE,PAPE_BA1S_P2,PAPE_BA1S,-18.55071,146.488428,2.4,2.4,Pelorus,Back1,5m,Shallow,Plot2,NA,NA,2022,Back,Back1,plot coordinates from AG,NA,,NA,NA,NA,HostB,HostB,
RRAP-ECO03-2022-Shys-PAPE-BLCH258B_L2,,RRAP-ECO03-2022-Shys-PAPE-BLCH258B,batch1,L2,PAPE-BLCH258B,BLCH258B,PAPE,PAPE_BA1S_P2,PAPE_BA1S,-18.55071,146.488428,2.4,2.4,Pelorus,Back1,5m,Shallow,Plot2,NA,NA,2022,Back,Back1,plot coordinates from AG,NA,,NA,NA,NA,HostB,HostB,
RRAP-ECO03-2022-Shys-PAPE-BLCH262B_L2,,RRAP-ECO03-2022-Shys-PAPE-BLCH262B,batch1,L2,PAPE-BLCH262B,BLCH262B,PAPE,PAPE_BA1S_P4,PAPE_BA1S,-18.550977,146.488431,2,2,Pelorus,Back1,5m,Shallow,Plot4,NA,NA,2022,Back,Back1,plot coordinates from AG,NA,,NA,NA,NA,HostB,HostB,
Deepcat-PM-2014-Shys-RUBY-7734_L4,actually 7695,Deepcat-PM-2014-Shys-RUBY-7695,batch2,L4,RUBY-7695,7695,RUBY,NA,NA,-15.69638889,145.7777778,40,40,Ruby,NA,40m,Deep,NA,NA,NA,NA,Front,NA,coarse coordinates,coarse category,2,2,2,2,HostD1,HostD1,HostD1
Deepcat-PM-2014-Shys-RUBY-7684_L4,outlier,Deepcat-PM-2014-Shys-RUBY-7684,batch2,L4,RUBY-7684,7684,RUBY,NA,NA,-15.69638889,145.7777778,40,40,Ruby,NA,40m,Deep,NA,NA,NA,NA,Front,NA,coarse coordinates,coarse category,2,2,2,2,HostD1,HostD1,HostD1
Deepcat-PM-2014-Shys-RUBY-7694_L4,outlier,Deepcat-PM-2014-Shys-RUBY-7694,batch2,L4,RUBY-7694,7694,RUBY,NA,NA,-15.69638889,145.7777778,40,40,Ruby,NA,40m,Deep,NA,NA,NA,NA,Front,NA,coarse coordinates,coarse category,2,2,2,2,HostD1,HostD1,HostD1
Deepcat-PM-2014-Shys-RUBA-7748_L4,"outlier, would make more sense if it was deep",Deepcat-PM-2014-Shys-RUBA-7748,batch2,L4,RUBA-7748,7748,RUBY,NA,NA,-15.69638889,145.7777778,10,10,Ruby,NA,10m,Shallow,NA,NA,NA,NA,Back,NA,coarse coordinates,coarse category,2,2,2,2,HostD1,HostD1,HostD1
Deepcat-PM-2014-Shys-RUBA-7760_L4,would make more sense if it was deep,Deepcat-PM-2014-Shys-RUBA-7760,batch2,L4,RUBA-7760,7760,RUBY,NA,NA,-15.69638889,145.7777778,10,10,Ruby,NA,10m,Shallow,NA,NA,NA,NA,Back,NA,coarse coordinates,coarse category,2,2,2,2,HostD1,HostD1,HostD1
Deepcat-PM-2014-Shys-RUBA-7750_L4,would make more sense if it was deep,Deepcat-PM-2014-Shys-RUBA-7750,batch2,L4,RUBA-7750,7750,RUBY,NA,NA,-15.69638889,145.7777778,10,10,Ruby,NA,10m,Shallow,NA,NA,NA,NA,Back,NA,coarse coordinates,coarse category,2,2,2,2,HostD1,HostD1,HostD1
Deepcat-PM-2014-Shys-RUBA-7752_L4,would make more sense if it was deep,Deepcat-PM-2014-Shys-RUBA-7752,batch2,L4,RUBA-7752,7752,RUBY,NA,NA,-15.69638889,145.7777778,10,10,Ruby,NA,10m,Shallow,NA,NA,NA,NA,Back,NA,coarse coordinates,coarse category,2,2,2,2,HostD1,HostD1,HostD1
Deepcat-PM-2014-Shys-RUBA-7759_L4,would make more sense if it was deep,Deepcat-PM-2014-Shys-RUBA-7759,batch2,L4,RUBA-7759,7759,RUBY,NA,NA,-15.69638889,145.7777778,10,10,Ruby,NA,10m,Shallow,NA,NA,NA,NA,Back,NA,coarse coordinates,coarse category,2,2,2,2,HostD1,HostD1,HostD1
Deepcat-PM-2014-Shys-RUBA-7753_L4,would make more sense if it was deep,Deepcat-PM-2014-Shys-RUBA-7753,batch2,L4,RUBA-7753,7753,RUBY,NA,NA,-15.69638889,145.7777778,10,10,Ruby,NA,10m,Shallow,NA,NA,NA,NA,Back,NA,coarse coordinates,coarse category,2,2,2,2,HostD1,HostD1,HostD1
Deepcat-PM-2014-Shys-RUBA-7741_L4,would make more sense if it was deep,Deepcat-PM-2014-Shys-RUBA-7741,batch2,L4,RUBA-7741,7741,RUBY,NA,NA,-15.69638889,145.7777778,10,10,Ruby,NA,10m,Shallow,NA,NA,NA,NA,Back,NA,coarse coordinates,coarse category,2,2,2,2,HostD1,HostD1,HostD1
Deepcat-PM-2014-Shys-RUBA-7743_L4,would make more sense if it was deep,Deepcat-PM-2014-Shys-RUBA-7743,batch2,L4,RUBA-7743,7743,RUBY,NA,NA,-15.69638889,145.7777778,10,10,Ruby,NA,10m,Shallow,NA,NA,NA,NA,Back,NA,coarse coordinates,coarse category,2,2,2,2,HostD1,HostD1,HostD1
Deepcat-PM-2014-Shys-RUBY-7689_L4,,Deepcat-PM-2014-Shys-RUBY-7689,batch2,L4,RUBY-7689,7689,RUBY,NA,NA,-15.69638889,145.7777778,40,40,Ruby,NA,40m,Deep,NA,NA,NA,NA,Front,NA,coarse coordinates,coarse category,2,2,2,2,HostD1,HostD1,HostD1
Deepcat-PM-2014-Shys-RUBY-7692_L4,,Deepcat-PM-2014-Shys-RUBY-7692,batch2,L4,RUBY-7692,7692,RUBY,NA,NA,-15.69638889,145.7777778,40,40,Ruby,NA,40m,Deep,NA,NA,NA,NA,Front,NA,coarse coordinates,coarse category,2,2,2,2,HostD1,HostD1,HostD1
Deepcat-PM-2014-Shys-RUBY-7681_L4,,Deepcat-PM-2014-Shys-RUBY-7681,batch2,L4,RUBY-7681,7681,RUBY,NA,NA,-15.69638889,145.7777778,40,40,Ruby,NA,40m,Deep,NA,NA,NA,NA,Front,NA,coarse coordinates,coarse category,2,2,2,2,HostD1,HostD1,HostD1
Deepcat-PM-2014-Shys-RUBY-7691_L4,,Deepcat-PM-2014-Shys-RUBY-7691,batch2,L4,RUBY-7691,7691,RUBY,NA,NA,-15.69638889,145.7777778,40,40,Ruby,NA,40m,Deep,NA,NA,NA,NA,Front,NA,coarse coordinates,coarse category,2,2,2,2,HostD1,HostD1,HostD1
Deepcat-PM-2014-Shys-RUBY-7682_L4,,Deepcat-PM-2014-Shys-RUBY-7682,batch2,L4,RUBY-7682,7682,RUBY,NA,NA,-15.69638889,145.7777778,40,40,Ruby,NA,40m,Deep,NA,NA,NA,NA,Front,NA,coarse coordinates,coarse category,2,2,2,2,HostD1,HostD1,HostD1
Deepcat-PM-2014-Shys-RUBY-7688_L4,,Deepcat-PM-2014-Shys-RUBY-7688,batch2,L4,RUBY-7688,7688,RUBY,NA,NA,-15.69638889,145.7777778,40,40,Ruby,NA,40m,Deep,NA,NA,NA,NA,Front,NA,coarse coordinates,coarse category,2,2,2,2,HostD1,HostD1,HostD1
Deepcat-PM-2014-Shys-RUBY-7686_L4,,Deepcat-PM-2014-Shys-RUBY-7686,batch2,L4,RUBY-7686,7686,RUBY,NA,NA,-15.69638889,145.7777778,40,40,Ruby,NA,40m,Deep,NA,NA,NA,NA,Front,NA,coarse coordinates,coarse category,2,2,2,2,HostD1,HostD1,HostD1
Deepcat-PM-2014-Shys-RUBY-7693_L4,,Deepcat-PM-2014-Shys-RUBY-7693,batch2,L4,RUBY-7693,7693,RUBY,NA,NA,-15.69638889,145.7777778,40,40,Ruby,NA,40m,Deep,NA,NA,NA,NA,Front,NA,coarse coordinates,coarse category,2,2,2,2,HostD1,HostD1,HostD1
Deepcat-PM-2014-Shys-RUBY-7690_L4,,Deepcat-PM-2014-Shys-RUBY-7690,batch2,L4,RUBY-7690,7690,RUBY,NA,NA,-15.69638889,145.7777778,40,40,Ruby,NA,40m,Deep,NA,NA,NA,NA,Front,NA,coarse coordinates,coarse category,2,2,2,2,HostD1,HostD1,HostD1
Deepcat-PM-2014-Shys-RUBY-7696_L4,,Deepcat-PM-2014-Shys-RUBY-7696,batch2,L4,RUBY-7696,7696,RUBY,NA,NA,-15.69638889,145.7777778,40,40,Ruby,NA,40m,Deep,NA,NA,NA,NA,Front,NA,coarse coordinates,coarse category,2,2,2,2,HostD1,HostD1,HostD1
Deepcat-PM-2014-Shys-SAUN-7982_L4,outlier,Deepcat-PM-2014-Shys-SAUN-7982,batch2,L4,SAUN-7982,7982,SAUN,NA,NA,-11.47666667,144.0627778,40,40,Saunders,NA,40m,Deep,NA,NA,NA,NA,Front,NA,coarse coordinates,coarse category,2,2,2,2,HostD1,HostD1,HostD1
Deepcat-PM-2014-Shys-RUBY-7979_L4,"outlier, incorrectly assinged to Ruby",Deepcat-PM-2014-Shys-SAUN-7979,batch2,L4,SAUN-7979,7979,SAUN,NA,NA,-11.47666667,144.0627778,40,40,Saunders,NA,40m,Deep,NA,NA,NA,NA,Front,NA,coarse coordinates,coarse category,2,2,2,2,HostD1,HostD1,HostD1
RRAP-ECO03-2023-Shys-CBHE-2823_L1,,RRAP-ECO03-2023-Shys-CBHE-2823,batch1,L1,CBHE-2823,2823,CBHE,CBHE_BA1D_P4,CBHE_BA1D,-23.4281955,151.95204,11.7,11.7,Heron,Back1,10m,Deep,Plot4,NA,NA,2023,Back,Back1,plot coordinates from AG,NA,2,4,4a,4a,HostD2,HostD2a,HostD2
RRAP-ECO03-2023-Shys-CBHE-2821_L1,,RRAP-ECO03-2023-Shys-CBHE-2821,batch1,L1,CBHE-2821,2821,CBHE,CBHE_BA1D_P4,CBHE_BA1D,-23.4281955,151.95204,11.7,11.7,Heron,Back1,10m,Deep,Plot4,NA,NA,2023,Back,Back1,plot coordinates from AG,NA,2,4,4a,4a,HostD2,HostD2a,HostD2
RRAP-ECO03-2023-Shys-CBHE-2758_L1,,RRAP-ECO03-2023-Shys-CBHE-2758,batch1,L1,CBHE-2758,2758,CBHE,CBHE_BA2D,CBHE_BA2D,-23.434075,151.920269,3,NA,Heron,Back2,5m,Deep,NA,NA,NA,2023,Back,Back2,original coordinates,NA,2,4,4a,4a,HostD2,HostD2a,HostD2
RRAP-ECO03-2023-Shys-CBHE-2764_L1,,RRAP-ECO03-2023-Shys-CBHE-2764,batch1,L1,CBHE-2764,2764,CBHE,CBHE_BA2D_P2,CBHE_BA2D,-23.43398,151.920474,10.5,10.5,Heron,Back2,10m,Deep,Plot2,NA,NA,2023,Back,Back2,plot coordinates from AG,NA,2,4,4a,4a,HostD2,HostD2a,HostD2
RRAP-ECO03-2022-Shys-CBHE-1399_L3,,RRAP-ECO03-2022-Shys-CBHE-1399,batch1,L3,CBHE-1399,1399,CBHE,CBHE_BA2D_P2,CBHE_BA2D,-23.43398,151.920474,10.5,10.5,Heron,Back2,10m,Deep,Plot2,NA,NA,2022,Back,Back2,plot coordinates from AG,NA,2,4,4a,4a,HostD2,HostD2a,HostD2
RRAP-ECO03-2022-Shys-CBHE-1402_L3,,RRAP-ECO03-2022-Shys-CBHE-1402,batch1,L3,CBHE-1402,1402,CBHE,CBHE_BA2D_P3,CBHE_BA2D,-23.434007,151.920339,10.4,10.4,Heron,Back2,10m,Deep,Plot3,NA,NA,2022,Back,Back2,plot coordinates from AG,NA,2,4,4a,4a,HostD2,HostD2a,HostD2
RRAP-ECO03-2022-Shys-CBHE-1401_L3,,RRAP-ECO03-2022-Shys-CBHE-1401,batch1,L3,CBHE-1401,1401,CBHE,CBHE_BA2D_P3,CBHE_BA2D,-23.434007,151.920339,10.4,10.4,Heron,Back2,10m,Deep,Plot3,NA,NA,2022,Back,Back2,plot coordinates from AG,NA,2,4,4a,4a,HostD2,HostD2a,HostD2
RRAP-ECO03-2023-Shys-CBHE-2771_L1,,RRAP-ECO03-2023-Shys-CBHE-2771,batch1,L1,CBHE-2771,2771,CBHE,CBHE_BA2D_P4,CBHE_BA2D,-23.434092,151.9200315,10.1,10.1,Heron,Back2,10m,Deep,Plot4,NA,NA,2023,Back,Back2,plot coordinates from AG,NA,2,4,4a,4a,HostD2,HostD2a,HostD2
RRAP-ECO03-2023-Shys-CBHE-2770_L1,,RRAP-ECO03-2023-Shys-CBHE-2770,batch1,L1,CBHE-2770,2770,CBHE,CBHE_BA2D_P4,CBHE_BA2D,-23.434092,151.9200315,10.1,10.1,Heron,Back2,10m,Deep,Plot4,NA,NA,2023,Back,Back2,plot coordinates from AG,NA,2,4,4a,4a,HostD2,HostD2a,HostD2
RRAP-ECO03-2023-Shys-CBHE-2743_L1,would make more sense if it was deep,RRAP-ECO03-2023-Shys-CBHE-2743,batch1,L1,CBHE-2743,2743,CBHE,CBHE_BA2S_P3,CBHE_BA2S,-23.4340225,151.9208295,3.8,3.8,Heron,Back2,5m,Shallow,Plot3,NA,NA,2023,Back,Back2,plot coordinates from AG,NA,2,4,4a,4a,HostD2,HostD2a,HostD2
RRAP-ECO03-2023-Shys-CBHE-2810_L3,would make more sense if it was deep,RRAP-ECO03-2023-Shys-CBHE-2810,batch1,L3,CBHE-2810,2810,CBHE,CBHE_FL1S_P1,CBHE_FL1S,-23.456009,151.925543,3.6,3.6,Heron,Flank1,5m,Shallow,Plot1,NA,NA,2023,Flank,Flank1,plot coordinates from AG,NA,2,4,4a,4a,HostD2,HostD2a,HostD2
RRAP-ECO03-2023-Shys-CBHE-2698_L3,part of plate4 renamed; would make more sense if it was deep,RRAP-ECO03-2023-Shys-CBHE-2698,batch1,L3,CBHE-2698,2698,CBHE,CBHE_FL1S_P3,CBHE_FL1S,-23.4561805,151.925674,4.6,4.6,Heron,Flank1,5m,Shallow,Plot3,NA,NA,2023,Flank,Flank1,plot coordinates from AG,NA,2,4,4a,4a,HostD2,HostD2a,HostD2
RRAP-ECO03-2023-Shys-CBHE-2802_L1,would make more sense if it was deep,RRAP-ECO03-2023-Shys-CBHE-2802,batch1,L1,CBHE-2802,2802,CBHE,CBHE_FL1S_P3,CBHE_FL1S,-23.4561805,151.925674,4.6,4.6,Heron,Flank1,5m,Shallow,Plot3,NA,NA,2023,Flank,Flank1,plot coordinates from AG,NA,2,4,4a,4a,HostD2,HostD2a,HostD2
RRAP-ECO03-2023-Shys-CBHE-2659_L1,,RRAP-ECO03-2023-Shys-CBHE-2659,batch1,L1,CBHE-2659,2659,CBHE,CBHE_FR1D_P2,CBHE_FR1D,-23.4720845,151.977962,11.6,11.6,Heron,Front1,10m,Deep,Plot2,NA,NA,2023,Front,Front1,plot coordinates from AG,NA,2,4,4a,4a,HostD2,HostD2a,HostD2
RRAP-ECO03-2022-Shys-CBHE-1308_L3,,RRAP-ECO03-2022-Shys-CBHE-1308,batch1,L3,CBHE-1308,1308,CBHE,CBHE_FR1D_P2,CBHE_FR1D,-23.4720845,151.977962,11.6,11.6,Heron,Front1,10m,Deep,Plot2,NA,NA,2022,Front,Front1,plot coordinates from AG,NA,2,4,4a,4a,HostD2,HostD2a,HostD2
RRAP-ECO03-2022-Shys-CBHE-1315_L3,,RRAP-ECO03-2022-Shys-CBHE-1315,batch1,L3,CBHE-1315,1315,CBHE,CBHE_FR1D_P4,CBHE_FR1D,-23.4720925,151.978211,11.4,11.4,Heron,Front1,10m,Deep,Plot4,NA,NA,2022,Front,Front1,plot coordinates from AG,NA,2,4,4a,4a,HostD2,HostD2a,HostD2
RRAP-ECO03-2023-Shys-CBHE-2702_L1,,RRAP-ECO03-2023-Shys-CBHE-2702,batch1,L1,CBHE-2702,2702,CBHE,CBHE_FR2D_P1,CBHE_FR2D,-23.4708128,151.9507523,11.2,11.2,Heron,Front2,10m,Deep,Plot1,NA,NA,2023,Front,Front2,plot coordinates from AG,NA,2,4,4a,4a,HostD2,HostD2a,HostD2
RRAP-ECO03-2023-Shys-CBHE-2701_L1,,RRAP-ECO03-2023-Shys-CBHE-2701,batch1,L1,CBHE-2701,2701,CBHE,CBHE_FR2D_P1,CBHE_FR2D,-23.4708128,151.9507523,11.2,11.2,Heron,Front2,10m,Deep,Plot1,NA,NA,2023,Front,Front2,plot coordinates from AG,NA,2,4,4a,4a,HostD2,HostD2a,HostD2
RRAP-ECO03-2022-Shys-CBHE-1283_L3,,RRAP-ECO03-2022-Shys-CBHE-1283,batch1,L3,CBHE-1283,1283,CBHE,CBHE_FR2D_P2,CBHE_FR2D,-23.47084618,151.9509202,11.8,11.8,Heron,Front2,10m,Deep,Plot2,NA,NA,2022,Front,Front2,plot coordinates from AG,NA,2,4,4a,4a,HostD2,HostD2a,HostD2
RRAP-ECO03-2023-Shys-CBHE-2706_L1,,RRAP-ECO03-2023-Shys-CBHE-2706,batch1,L1,CBHE-2706,2706,CBHE,CBHE_FR2D_P2,CBHE_FR2D,-23.47084618,151.9509202,11.8,11.8,Heron,Front2,10m,Deep,Plot2,NA,NA,2023,Front,Front2,plot coordinates from AG,NA,2,4,4a,4a,HostD2,HostD2a,HostD2
RRAP-ECO03-2023-Shys-CBHE-2709_L3,,RRAP-ECO03-2023-Shys-CBHE-2709,batch1,L3,CBHE-2709,2709,CBHE,CBHE_FR2D_P3,CBHE_FR2D,-23.47086716,151.9512024,11.6,11.6,Heron,Front2,10m,Deep,Plot3,NA,NA,2023,Front,Front2,plot coordinates from AG,NA,2,4,4a,4a,HostD2,HostD2a,HostD2
RRAP-ECO03-2023-Shys-CBHE-2712_L1,,RRAP-ECO03-2023-Shys-CBHE-2712,batch1,L1,CBHE-2712,2712,CBHE,CBHE_FR2D_P3,CBHE_FR2D,-23.47086716,151.9512024,11.6,11.6,Heron,Front2,10m,Deep,Plot3,NA,NA,2023,Front,Front2,plot coordinates from AG,NA,2,4,4a,4a,HostD2,HostD2a,HostD2
RRAP-ECO03-2023-Shys-CBLM-2656_L3,part of plate4 renamed,RRAP-ECO03-2023-Shys-CBLM-2656,batch1,L3,CBLM-2656,2656,CBLM,CBLM_BA1S_P1,CBLM_BA1S,-23.900174,152.3936205,4.7,4.7,Lady Musgrave,Back1,5m,Shallow,Plot1,NA,NA,2023,Back,Back1,plot coordinates from AG,NA,2,4,4a,4a,HostD2,HostD2a,HostD2
RRAP-ECO03-2023-Shys-CBLM-2642_L1,,RRAP-ECO03-2023-Shys-CBLM-2642,batch1,L1,CBLM-2642,2642,CBLM,CBLM_BA1S_P1,CBLM_BA1S,-23.900174,152.3936205,4.7,4.7,Lady Musgrave,Back1,5m,Shallow,Plot1,NA,NA,2023,Back,Back1,plot coordinates from AG,NA,2,4,4a,4a,HostD2,HostD2a,HostD2
RRAP-ECO03-2023-Shys-CBLM-2655_L3,part of plate4 renamed,RRAP-ECO03-2023-Shys-CBLM-2655,batch1,L3,CBLM-2655,2655,CBLM,CBLM_BA1S_P2,CBLM_BA1S,-23.900253,152.393555,4.3,4.3,Lady Musgrave,Back1,5m,Shallow,Plot2,NA,NA,2023,Back,Back1,plot coordinates from AG,NA,2,4,4a,4a,HostD2,HostD2a,HostD2
RRAP-ECO03-2023-Shys-CBLM-2643_L1,,RRAP-ECO03-2023-Shys-CBLM-2643,batch1,L1,CBLM-2643,2643,CBLM,CBLM_BA1S_P2,CBLM_BA1S,-23.900253,152.393555,4.3,4.3,Lady Musgrave,Back1,5m,Shallow,Plot2,NA,NA,2023,Back,Back1,plot coordinates from AG,NA,2,4,4a,4a,HostD2,HostD2a,HostD2
RRAP-ECO03-2023-Shys-OCDA-1812_L3,actually 2647,RRAP-ECO03-2023-Shys-CBLM-2647,batch1,L3,CBLM-2647,2647,CBLM,CBLM_BA1S_P3,CBLM_BA1S,-23.9003675,152.3934045,3.4,3.4,Lady Musgrave,Back1,5m,Shallow,Plot3,NA,NA,2023,Back,Back1,plot coordinates from AG,NA,2,4,4a,4a,HostD2,HostD2a,HostD2
RRAP-ECO03-2023-Shys-CBLM-2646_L3,part of plate4 renamed,RRAP-ECO03-2023-Shys-CBLM-2646,batch1,L3,CBLM-2646,2646,CBLM,CBLM_BA1S_P3,CBLM_BA1S,-23.9003675,152.3934045,3.4,3.4,Lady Musgrave,Back1,5m,Shallow,Plot3,NA,NA,2023,Back,Back1,plot coordinates from AG,NA,2,4,4a,4a,HostD2,HostD2a,HostD2
RRAP-ECO03-2023-Shys-CBLM-2650_L1,,RRAP-ECO03-2023-Shys-CBLM-2650,batch1,L1,CBLM-2650,2650,CBLM,CBLM_BA1S_P4,CBLM_BA1S,-23.9004655,152.393308,4,4,Lady Musgrave,Back1,5m,Shallow,Plot4,NA,NA,2023,Back,Back1,plot coordinates from AG,NA,2,4,4a,4a,HostD2,HostD2a,HostD2
RRAP-ECO03-2023-Shys-CBLM-2651_L1,,RRAP-ECO03-2023-Shys-CBLM-2651,batch1,L1,CBLM-2651,2651,CBLM,CBLM_BA1S_P4,CBLM_BA1S,-23.9004655,152.393308,4,4,Lady Musgrave,Back1,5m,Shallow,Plot4,NA,NA,2023,Back,Back1,plot coordinates from AG,NA,2,4,4a,4a,HostD2,HostD2a,HostD2
RRAP-ECO03-2022-Shys-CBLM-1202_L1,,RRAP-ECO03-2022-Shys-CBLM-1202,batch1,L1,CBLM-1202,1202,CBLM,CBLM_BA2S_P1,CBLM_BA2S,-23.8943045,152.4043745,3.9,3.9,Lady Musgrave,Back2,5m,Shallow,Plot1,NA,NA,2022,Back,Back2,plot coordinates from AG,NA,2,4,4a,4a,HostD2,HostD2a,HostD2
RRAP-ECO03-2022-Shys-CBLM-1212_L1,,RRAP-ECO03-2022-Shys-CBLM-1212,batch1,L1,CBLM-1212,1212,CBLM,CBLM_BA2S_P3,CBLM_BA2S,-23.8944175,152.403762,5.6,5.6,Lady Musgrave,Back2,5m,Shallow,Plot3,NA,NA,2022,Back,Back2,plot coordinates from AG,NA,2,4,4a,4a,HostD2,HostD2a,HostD2
RRAP-ECO03-2022-Shys-CBLM-1209_L1,,RRAP-ECO03-2022-Shys-CBLM-1209,batch1,L1,CBLM-1209,1209,CBLM,CBLM_BA2S_P3,CBLM_BA2S,-23.8944175,152.403762,5.6,5.6,Lady Musgrave,Back2,5m,Shallow,Plot3,NA,NA,2022,Back,Back2,plot coordinates from AG,NA,2,4,4a,4a,HostD2,HostD2a,HostD2
RRAP-ECO03-2022-Shys-CBLM-1206_L1,,RRAP-ECO03-2022-Shys-CBLM-1206,batch1,L1,CBLM-1206,1206,CBLM,CBLM_BA2S_P4,CBLM_BA2S,-23.8945,152.403644,4.4,4.4,Lady Musgrave,Back2,5m,Shallow,Plot4,NA,NA,2022,Back,Back2,plot coordinates from AG,NA,2,4,4a,4a,HostD2,HostD2a,HostD2
RRAP-ECO03-2023-Shys-CBLM-2579_L1,,RRAP-ECO03-2023-Shys-CBLM-2579,batch1,L1,CBLM-2579,2579,CBLM,CBLM_FL2S_P2,CBLM_FL2S,-23.917564,152.392285,5,5,Lady Musgrave,Flank2,5m,Shallow,Plot2,NA,NA,2023,Flank,Flank2,plot coordinates from AG,NA,2,4,4a,4a,HostD2,HostD2a,HostD2
RRAP-ECO03-2023-Shys-CBLM-2628_L3,part of plate4 renamed,RRAP-ECO03-2023-Shys-CBLM-2628,batch1,L3,CBLM-2628,2628,CBLM,CBLM_LA1S_P1,CBLM_LA1S,-23.8962565,152.413664,4.3,4.3,Lady Musgrave,Lagoon1,5m,Shallow,Plot1,NA,NA,2023,Lagoon,Lagoon1,plot coordinates from AG,NA,2,4,4a,4a,HostD2,HostD2a,HostD2
RRAP-ECO03-2023-Shys-CBLM-2622_L2,,RRAP-ECO03-2023-Shys-CBLM-2622,batch1,L2,CBLM-2622,2622,CBLM,CBLM_LA1S_P1,CBLM_LA1S,-23.8962565,152.413664,4.3,4.3,Lady Musgrave,Lagoon1,5m,Shallow,Plot1,NA,NA,2023,Lagoon,Lagoon1,plot coordinates from AG,NA,2,4,4a,4a,HostD2,HostD2a,HostD2
RRAP-ECO03-2023-Shys-CBLM-2624_L1,,RRAP-ECO03-2023-Shys-CBLM-2624,batch1,L1,CBLM-2624,2624,CBLM,CBLM_LA1S_P1,CBLM_LA1S,-23.8962565,152.413664,4.3,4.3,Lady Musgrave,Lagoon1,5m,Shallow,Plot1,NA,NA,2023,Lagoon,Lagoon1,plot coordinates from AG,NA,2,4,4a,4a,HostD2,HostD2a,HostD2
RRAP-ECO03-2023-Shys-CBLM-2621_L1,,RRAP-ECO03-2023-Shys-CBLM-2621,batch1,L1,CBLM-2621,2621,CBLM,CBLM_LA1S_P1,CBLM_LA1S,-23.8962565,152.413664,4.3,4.3,Lady Musgrave,Lagoon1,5m,Shallow,Plot1,NA,NA,2023,Lagoon,Lagoon1,plot coordinates from AG,NA,2,4,4a,4a,HostD2,HostD2a,HostD2
RRAP-ECO03-2023-Shys-CBLM-2633_L2,flag,RRAP-ECO03-2023-Shys-CBLM-2633,batch1,L2,CBLM-2633,2633,CBLM,CBLM_LA1S_P2,CBLM_LA1S,-23.896318,152.4138515,4.5,4.5,Lady Musgrave,Lagoon1,5m,Shallow,Plot2,NA,NA,2023,Lagoon,Lagoon1,plot coordinates from AG,NA,2,4,4a,4a,HostD2,HostD2a,HostD2
RRAP-ECO03-2023-Shys-CBLM-2631_L2,flag,RRAP-ECO03-2023-Shys-CBLM-2631,batch1,L2,CBLM-2631,2631,CBLM,CBLM_LA1S_P2,CBLM_LA1S,-23.896318,152.4138515,4.5,4.5,Lady Musgrave,Lagoon1,5m,Shallow,Plot2,NA,NA,2023,Lagoon,Lagoon1,plot coordinates from AG,NA,2,4,4a,4a,HostD2,HostD2a,HostD2
RRAP-ECO03-2023-Shys-CBLM-2630_L3,part of plate4 renamed,RRAP-ECO03-2023-Shys-CBLM-2630,batch1,L3,CBLM-2630,2630,CBLM,CBLM_LA1S_P2,CBLM_LA1S,-23.896318,152.4138515,4.5,4.5,Lady Musgrave,Lagoon1,5m,Shallow,Plot2,NA,NA,2023,Lagoon,Lagoon1,plot coordinates from AG,NA,2,4,4a,4a,HostD2,HostD2a,HostD2
RRAP-ECO03-2023-Shys-CBLM-2632_L1,,RRAP-ECO03-2023-Shys-CBLM-2632,batch1,L1,CBLM-2632,2632,CBLM,CBLM_LA1S_P2,CBLM_LA1S,-23.896318,152.4138515,4.5,4.5,Lady Musgrave,Lagoon1,5m,Shallow,Plot2,NA,NA,2023,Lagoon,Lagoon1,plot coordinates from AG,NA,2,4,4a,4a,HostD2,HostD2a,HostD2
RRAP-ECO03-2023-Shys-CBLM-2629_L1,,RRAP-ECO03-2023-Shys-CBLM-2629,batch1,L1,CBLM-2629,2629,CBLM,CBLM_LA1S_P2,CBLM_LA1S,-23.896318,152.4138515,4.5,4.5,Lady Musgrave,Lagoon1,5m,Shallow,Plot2,NA,NA,2023,Lagoon,Lagoon1,plot coordinates from AG,NA,2,4,4a,4a,HostD2,HostD2a,HostD2
RRAP-ECO03-2023-Shys-CBLM-2637_L2,flag,RRAP-ECO03-2023-Shys-CBLM-2637,batch1,L2,CBLM-2637,2637,CBLM,CBLM_LA1S_P3,CBLM_LA1S,-23.8963465,152.414007,4.5,4.5,Lady Musgrave,Lagoon1,5m,Shallow,Plot3,NA,NA,2023,Lagoon,Lagoon1,plot coordinates from AG,NA,2,4,4a,4a,HostD2,HostD2a,HostD2
RRAP-ECO03-2023-Shys-CBLM-2634_L3,part of plate4 renamed,RRAP-ECO03-2023-Shys-CBLM-2634,batch1,L3,CBLM-2634,2634,CBLM,CBLM_LA1S_P3,CBLM_LA1S,-23.8963465,152.414007,4.5,4.5,Lady Musgrave,Lagoon1,5m,Shallow,Plot3,NA,NA,2023,Lagoon,Lagoon1,plot coordinates from AG,NA,2,4,4a,4a,HostD2,HostD2a,HostD2
RRAP-ECO03-2023-Shys-CBLM-2635_L1,,RRAP-ECO03-2023-Shys-CBLM-2635,batch1,L1,CBLM-2635,2635,CBLM,CBLM_LA1S_P3,CBLM_LA1S,-23.8963465,152.414007,4.5,4.5,Lady Musgrave,Lagoon1,5m,Shallow,Plot3,NA,NA,2023,Lagoon,Lagoon1,plot coordinates from AG,NA,2,4,4a,4a,HostD2,HostD2a,HostD2
RRAP-ECO03-2023-Shys-CBLM-2640_L2,,RRAP-ECO03-2023-Shys-CBLM-2640,batch1,L2,CBLM-2640,2640,CBLM,CBLM_LA1S_P4,CBLM_LA1S,-23.8960755,152.414039,3.1,3.1,Lady Musgrave,Lagoon1,5m,Shallow,Plot4,NA,NA,2023,Lagoon,Lagoon1,plot coordinates from AG,NA,2,4,4a,4a,HostD2,HostD2a,HostD2
RRAP-ECO03-2023-Shys-CBLM-2638_L1,,RRAP-ECO03-2023-Shys-CBLM-2638,batch1,L1,CBLM-2638,2638,CBLM,CBLM_LA1S_P4,CBLM_LA1S,-23.8960755,152.414039,3.1,3.1,Lady Musgrave,Lagoon1,5m,Shallow,Plot4,NA,NA,2023,Lagoon,Lagoon1,plot coordinates from AG,NA,2,4,4a,4a,HostD2,HostD2a,HostD2
RRAP-ECO03-2023-Shys-CBHE-2774_L1,would make more sense if it was shallow,RRAP-ECO03-2023-Shys-CBHE-2774,batch1,L1,CBHE-2774,2774,CBHE,CBHE_BA2D_P4,CBHE_BA2D,-23.434092,151.9200315,10.1,10.1,Heron,Back2,10m,Deep,Plot4,NA,NA,2023,Back,Back2,plot coordinates from AG,NA,2,4,4b,4b,HostD2,HostD2b,HostD2
RRAP-ECO03-2022-Shys-CBHE-1409_L3,,RRAP-ECO03-2022-Shys-CBHE-1409,batch1,L3,CBHE-1409,1409,CBHE,CBHE_BA2S_P1,CBHE_BA2S,-23.433933,151.9212005,4.1,4.1,Heron,Back2,5m,Shallow,Plot1,NA,NA,2022,Back,Back2,plot coordinates from AG,NA,2,4,4b,4b,HostD2,HostD2b,HostD2
RRAP-ECO03-2022-Shys-CBHE-1411_L3,,RRAP-ECO03-2022-Shys-CBHE-1411,batch1,L3,CBHE-1411,1411,CBHE,CBHE_BA2S_P1,CBHE_BA2S,-23.433933,151.9212005,4.1,4.1,Heron,Back2,5m,Shallow,Plot1,NA,NA,2022,Back,Back2,plot coordinates from AG,NA,2,4,4b,4b,HostD2,HostD2b,HostD2
RRAP-ECO03-2022-Shys-CBHE-1414_L3,,RRAP-ECO03-2022-Shys-CBHE-1414,batch1,L3,CBHE-1414,1414,CBHE,CBHE_BA2S_P2,CBHE_BA2S,-23.433991,151.9210255,4.3,4.3,Heron,Back2,5m,Shallow,Plot2,NA,NA,2022,Back,Back2,plot coordinates from AG,NA,2,4,4b,4b,HostD2,HostD2b,HostD2
RRAP-ECO03-2022-Shys-CBHE-1421_L3,,RRAP-ECO03-2022-Shys-CBHE-1421,batch1,L3,CBHE-1421,1421,CBHE,CBHE_BA2S_P3,CBHE_BA2S,-23.4340225,151.9208295,3.8,3.8,Heron,Back2,5m,Shallow,Plot3,NA,NA,2022,Back,Back2,plot coordinates from AG,NA,2,4,4b,4b,HostD2,HostD2b,HostD2
RRAP-ECO03-2023-Shys-CBHE-2740_L1,,RRAP-ECO03-2023-Shys-CBHE-2740,batch1,L1,CBHE-2740,2740,CBHE,CBHE_BA2S_P3,CBHE_BA2S,-23.4340225,151.9208295,3.8,3.8,Heron,Back2,5m,Shallow,Plot3,NA,NA,2023,Back,Back2,plot coordinates from AG,NA,2,4,4b,4b,HostD2,HostD2b,HostD2
RRAP-ECO03-2023-Shys-CBHE-2747_L1,,RRAP-ECO03-2023-Shys-CBHE-2747,batch1,L1,CBHE-2747,2747,CBHE,CBHE_BA2S_P4,CBHE_BA2S,-23.4340385,151.920667,3.9,3.9,Heron,Back2,5m,Shallow,Plot4,NA,NA,2023,Back,Back2,plot coordinates from AG,NA,2,4,4b,4b,HostD2,HostD2b,HostD2
RRAP-ECO03-2023-Shys-CBHE-2806_L3,part of plate4 renamed,RRAP-ECO03-2023-Shys-CBHE-2806,batch1,L3,CBHE-2806,2806,CBHE,CBHE_FL1S_P1,CBHE_FL1S,-23.456009,151.925543,3.6,3.6,Heron,Flank1,5m,Shallow,Plot1,NA,NA,2023,Flank,Flank1,plot coordinates from AG,NA,2,4,4b,4b,HostD2,HostD2b,HostD2
RRAP-ECO03-2023-Shys-CBHE-2807_L1,,RRAP-ECO03-2023-Shys-CBHE-2807,batch1,L1,CBHE-2807,2807,CBHE,CBHE_FL1S_P1,CBHE_FL1S,-23.456009,151.925543,3.6,3.6,Heron,Flank1,5m,Shallow,Plot1,NA,NA,2023,Flank,Flank1,plot coordinates from AG,NA,2,4,4b,4b,HostD2,HostD2b,HostD2
RRAP-ECO03-2023-Shys-CBHE-2658_L1,,RRAP-ECO03-2023-Shys-CBHE-2658,batch1,L1,CBHE-2658,2658,CBHE,CBHE_FR1D_P2,CBHE_FR1D,-23.4720845,151.977962,11.6,11.6,Heron,Front1,10m,Deep,Plot2,NA,NA,2023,Front,Front1,plot coordinates from AG,NA,2,4,4b,4b,HostD2,HostD2b,HostD2
RRAP-ECO03-2023-Shys-CBHE-2681_L3,,RRAP-ECO03-2023-Shys-CBHE-2681,batch1,L3,CBHE-2681,2681,CBHE,CBHE_FR1S_P1,CBHE_FR1S,-23.4720295,151.9775415,6.2,6.2,Heron,Front1,5m,Shallow,Plot1,NA,NA,2023,Front,Front1,plot coordinates from AG,NA,2,4,4b,4b,HostD2,HostD2b,HostD2
RRAP-ECO03-2023-Shys-CBHE-2677_L2,,RRAP-ECO03-2023-Shys-CBHE-2677,batch1,L2,CBHE-2677,2677,CBHE,CBHE_FR1S_P1,CBHE_FR1S,-23.4720295,151.9775415,6.2,6.2,Heron,Front1,5m,Shallow,Plot1,NA,NA,2023,Front,Front1,plot coordinates from AG,NA,2,4,4b,4b,HostD2,HostD2b,HostD2
RRAP-ECO03-2023-Shys-CBHE-2680_L2,,RRAP-ECO03-2023-Shys-CBHE-2680,batch1,L2,CBHE-2680,2680,CBHE,CBHE_FR1S_P1,CBHE_FR1S,-23.4720295,151.9775415,6.2,6.2,Heron,Front1,5m,Shallow,Plot1,NA,NA,2023,Front,Front1,plot coordinates from AG,NA,2,4,4b,4b,HostD2,HostD2b,HostD2
RRAP-ECO03-2023-Shys-CBHE-2678_L1,,RRAP-ECO03-2023-Shys-CBHE-2678,batch1,L1,CBHE-2678,2678,CBHE,CBHE_FR1S_P1,CBHE_FR1S,-23.4720295,151.9775415,6.2,6.2,Heron,Front1,5m,Shallow,Plot1,NA,NA,2023,Front,Front1,plot coordinates from AG,NA,2,4,4b,4b,HostD2,HostD2b,HostD2
RRAP-ECO03-2023-Shys-CBHE-2679_L2,,RRAP-ECO03-2023-Shys-CBHE-2679,batch1,L2,CBHE-2679,2679,CBHE,CBHE_FR1S_P1,CBHE_FR1S,-23.4720295,151.9775415,6.2,6.2,Heron,Front1,5m,Shallow,Plot1,NA,NA,2023,Front,Front1,plot coordinates from AG,NA,2,4,4b,4b,HostD2,HostD2b,HostD2
RRAP-ECO03-2023-Shys-CBHE-2673_L2,,RRAP-ECO03-2023-Shys-CBHE-2673,batch1,L2,CBHE-2673,2673,CBHE,CBHE_FR1S_P2,CBHE_FR1S,-23.4719785,151.9776975,6.1,6.1,Heron,Front1,5m,Shallow,Plot2,NA,NA,2023,Front,Front1,plot coordinates from AG,NA,2,4,4b,4b,HostD2,HostD2b,HostD2
RRAP-ECO03-2023-Shys-CBHE-2676_L1,,RRAP-ECO03-2023-Shys-CBHE-2676,batch1,L1,CBHE-2676,2676,CBHE,CBHE_FR1S_P2,CBHE_FR1S,-23.4719785,151.9776975,6.1,6.1,Heron,Front1,5m,Shallow,Plot2,NA,NA,2023,Front,Front1,plot coordinates from AG,NA,2,4,4b,4b,HostD2,HostD2b,HostD2
RRAP-ECO03-2023-Shys-CBHE-2683_L1,,RRAP-ECO03-2023-Shys-CBHE-2683,batch1,L1,CBHE-2683,2683,CBHE,CBHE_FR1S_P3,CBHE_FR1S,-23.4719215,151.9778785,5.9,5.9,Heron,Front1,5m,Shallow,Plot3,NA,NA,2023,Front,Front1,plot coordinates from AG,NA,2,4,4b,4b,HostD2,HostD2b,HostD2
RRAP-ECO03-2023-Shys-CBHE-2691_L2,,RRAP-ECO03-2023-Shys-CBHE-2691,batch1,L2,CBHE-2691,2691,CBHE,CBHE_FR1S_P4,CBHE_FR1S,-23.471902,151.977954,5.7,5.7,Heron,Front1,5m,Shallow,Plot4,NA,NA,2023,Front,Front1,plot coordinates from AG,NA,2,4,4b,4b,HostD2,HostD2b,HostD2
RRAP-ECO03-2023-Shys-CBHE-2690_L2,,RRAP-ECO03-2023-Shys-CBHE-2690,batch1,L2,CBHE-2690,2690,CBHE,CBHE_FR1S_P4,CBHE_FR1S,-23.471902,151.977954,5.7,5.7,Heron,Front1,5m,Shallow,Plot4,NA,NA,2023,Front,Front1,plot coordinates from AG,NA,2,4,4b,4b,HostD2,HostD2b,HostD2
RRAP-ECO03-2023-Shys-CBHE-2720_L1,,RRAP-ECO03-2023-Shys-CBHE-2720,batch1,L1,CBHE-2720,2720,CBHE,CBHE_FR2S_P2,CBHE_FR2S,-23.47042275,151.9508896,5.3,5.3,Heron,Front2,5m,Shallow,Plot2,NA,NA,2023,Front,Front2,plot coordinates from AG,NA,2,4,4b,4b,HostD2,HostD2b,HostD2
RRAP-ECO03-2023-Shys-CBHE-2723_L3,,RRAP-ECO03-2023-Shys-CBHE-2723,batch1,L3,CBHE-2723,2723,CBHE,CBHE_FR2S_P3,CBHE_FR2S,-23.4704876,151.9510498,5.3,5.3,Heron,Front2,5m,Shallow,Plot3,NA,NA,2023,Front,Front2,plot coordinates from AG,NA,2,4,4b,4b,HostD2,HostD2b,HostD2
RRAP-ECO03-2023-Shys-CBHE-2724_L1,,RRAP-ECO03-2023-Shys-CBHE-2724,batch1,L1,CBHE-2724,2724,CBHE,CBHE_FR2S_P3,CBHE_FR2S,-23.4704876,151.9510498,5.3,5.3,Heron,Front2,5m,Shallow,Plot3,NA,NA,2023,Front,Front2,plot coordinates from AG,NA,2,4,4b,4b,HostD2,HostD2b,HostD2
RRAP-ECO03-2023-Shys-CBHE-2721_L1,,RRAP-ECO03-2023-Shys-CBHE-2721,batch1,L1,CBHE-2721,2721,CBHE,CBHE_FR2S_P3,CBHE_FR2S,-23.4704876,151.9510498,5.3,5.3,Heron,Front2,5m,Shallow,Plot3,NA,NA,2023,Front,Front2,plot coordinates from AG,NA,2,4,4b,4b,HostD2,HostD2b,HostD2
RRAP-ECO03-2022-Shys-CBHE-1298_L3,,RRAP-ECO03-2022-Shys-CBHE-1298,batch1,L3,CBHE-1298,1298,CBHE,CBHE_FR2S_P3,CBHE_FR2S,-23.4704876,151.9510498,5.3,5.3,Heron,Front2,5m,Shallow,Plot3,NA,NA,2022,Front,Front2,plot coordinates from AG,NA,2,4,4b,4b,HostD2,HostD2b,HostD2
RRAP-ECO03-2023-Shys-CBHE-2722_L1,,RRAP-ECO03-2023-Shys-CBHE-2722,batch1,L1,CBHE-2722,2722,CBHE,CBHE_FR2S_P3,CBHE_FR2S,-23.4704876,151.9510498,5.3,5.3,Heron,Front2,5m,Shallow,Plot3,NA,NA,2023,Front,Front2,plot coordinates from AG,NA,2,4,4b,4b,HostD2,HostD2b,HostD2
RRAP-ECO03-2023-Shys-CBHE-2727_L3,,RRAP-ECO03-2023-Shys-CBHE-2727,batch1,L3,CBHE-2727,2727,CBHE,CBHE_FR2S_P4,CBHE_FR2S,-23.47050095,151.9511948,5.6,5.6,Heron,Front2,5m,Shallow,Plot4,NA,NA,2023,Front,Front2,plot coordinates from AG,NA,2,4,4b,4b,HostD2,HostD2b,HostD2
RRAP-ECO03-2023-Shys-CBHE-2728_L2,,RRAP-ECO03-2023-Shys-CBHE-2728,batch1,L2,CBHE-2728,2728,CBHE,CBHE_FR2S_P4,CBHE_FR2S,-23.47050095,151.9511948,5.6,5.6,Heron,Front2,5m,Shallow,Plot4,NA,NA,2023,Front,Front2,plot coordinates from AG,NA,2,4,4b,4b,HostD2,HostD2b,HostD2
RRAP-ECO03-2023-Shys-CBHE-2729-rep_L1,,RRAP-ECO03-2023-Shys-CBHE-2729-rep,batch1,L1,CBHE-2729-rep,2729,CBHE,CBHE_FR2S_P4,CBHE_FR2S,-23.47050095,151.9511948,5.6,5.6,Heron,Front2,5m,Shallow,Plot4,NA,NA,2023,Front,Front2,plot coordinates from AG,NA,2,4,4b,4b,HostD2,HostD2b,HostD2
RRAP-ECO03-2023-Shys-CBHE-2811_L3,part of plate4 renamed,RRAP-ECO03-2023-Shys-CBHE-2811,batch1,L3,CBHE-2811,2811,CBHE,CBHE_BA1D_P1,CBHE_BA1D,-23.4280415,151.9524235,11.7,11.7,Heron,Back1,10m,Deep,Plot1,NA,NA,2023,Back,Back1,plot coordinates from AG,NA,1,1,1b,1b,HostD3,HostD3,Hap8
RRAP-ECO03-2023-Shys-CBHE-2814_L1,,RRAP-ECO03-2023-Shys-CBHE-2814,batch1,L1,CBHE-2814,2814,CBHE,CBHE_BA1D_P2,CBHE_BA1D,-23.4280535,151.952309,11.7,11.7,Heron,Back1,10m,Deep,Plot2,NA,NA,2023,Back,Back1,plot coordinates from AG,NA,1,1,1b,1b,HostD3,HostD3,Hap8
RRAP-ECO03-2023-Shys-CBHE-2822_L2,,RRAP-ECO03-2023-Shys-CBHE-2822,batch1,L2,CBHE-2822,2822,CBHE,CBHE_BA1D_P4,CBHE_BA1D,-23.4281955,151.95204,11.7,11.7,Heron,Back1,10m,Deep,Plot4,NA,NA,2023,Back,Back1,plot coordinates from AG,NA,1,1,1b,1b,HostD3,HostD3,Hap8
RRAP-ECO03-2023-Shys-CBHE-2751_L3,part of plate4 renamed,RRAP-ECO03-2023-Shys-CBHE-2751,batch1,L3,CBHE-2751,2751,CBHE,CBHE_BA1S_P1,CBHE_BA1S,-23.428403,151.952614,5.1,5.1,Heron,Back1,5m,Shallow,Plot1,NA,NA,2023,Back,Back1,plot coordinates from AG,NA,1,1,1b,1b,HostD3,HostD3,Hap8
RRAP-ECO03-2023-Shys-CBHE-2756_L3,part of plate4 renamed,RRAP-ECO03-2023-Shys-CBHE-2756,batch1,L3,CBHE-2756,2756,CBHE,CBHE_BA1S_P2,CBHE_BA1S,-23.428454,151.9524855,4.8,4.8,Heron,Back1,5m,Shallow,Plot2,NA,NA,2023,Back,Back1,plot coordinates from AG,NA,1,1,1b,1b,HostD3,HostD3,Hap8
RRAP-ECO03-2023-Shys-CBHE-2757_L1,,RRAP-ECO03-2023-Shys-CBHE-2757,batch1,L1,CBHE-2757,2757,CBHE,CBHE_BA1S_P4,CBHE_BA1S,-23.4284645,151.9522105,5,5,Heron,Back1,5m,Shallow,Plot4,NA,NA,2023,Back,Back1,plot coordinates from AG,NA,1,1,1b,1b,HostD3,HostD3,Hap8
RRAP-ECO03-2023-Shys-CBHE-2784_L1,,RRAP-ECO03-2023-Shys-CBHE-2784,batch1,L1,CBHE-2784,2784,CBHE,CBHE_BA1S_P4,CBHE_BA1S,-23.4284645,151.9522105,5,5,Heron,Back1,5m,Shallow,Plot4,NA,NA,2023,Back,Back1,plot coordinates from AG,NA,1,1,1b,1b,HostD3,HostD3,Hap8
RRAP-ECO03-2023-Shys-CBHE-2765_L1,,RRAP-ECO03-2023-Shys-CBHE-2765,batch1,L1,CBHE-2765,2765,CBHE,CBHE_BA2D_P2,CBHE_BA2D,-23.43398,151.920474,10.5,10.5,Heron,Back2,10m,Deep,Plot2,NA,NA,2023,Back,Back2,plot coordinates from AG,NA,1,1,1b,1b,HostD3,HostD3,Hap8
RRAP-ECO03-2023-Shys-CBHE-2730_L1,,RRAP-ECO03-2023-Shys-CBHE-2730,batch1,L1,CBHE-2730,2730,CBHE,CBHE_BA2S_P1,CBHE_BA2S,-23.433933,151.9212005,4.1,4.1,Heron,Back2,5m,Shallow,Plot1,NA,NA,2023,Back,Back2,plot coordinates from AG,NA,1,1,1b,1b,HostD3,HostD3,Hap8
RRAP-ECO03-2023-Shys-CBHE-2745_L1,,RRAP-ECO03-2023-Shys-CBHE-2745,batch1,L1,CBHE-2745,2745,CBHE,CBHE_BA2S_P4,CBHE_BA2S,-23.4340385,151.920667,3.9,3.9,Heron,Back2,5m,Shallow,Plot4,NA,NA,2023,Back,Back2,plot coordinates from AG,NA,1,1,1b,1b,HostD3,HostD3,Hap8
RRAP-ECO03-2023-Shys-CBHE-2803_L1,,RRAP-ECO03-2023-Shys-CBHE-2803,batch1,L1,CBHE-2803,2803,CBHE,CBHE_FL1S_P2,CBHE_FL1S,-23.4561095,151.925544,3.7,3.7,Heron,Flank1,5m,Shallow,Plot2,NA,NA,2023,Flank,Flank1,plot coordinates from AG,NA,1,1,1b,1b,HostD3,HostD3,Hap8
RRAP-ECO03-2023-Shys-CBHE-2663_L1,,RRAP-ECO03-2023-Shys-CBHE-2663,batch1,L1,CBHE-2663,2663,CBHE,CBHE_FR1D_P3,CBHE_FR1D,-23.472098,151.977937,11.8,11.8,Heron,Front1,10m,Deep,Plot3,NA,NA,2023,Front,Front1,plot coordinates from AG,NA,1,1,1b,1b,HostD3,HostD3,Hap8
RRAP-ECO03-2022-Shys-CBHE-1313_L3,,RRAP-ECO03-2022-Shys-CBHE-1313,batch1,L3,CBHE-1313,1313,CBHE,CBHE_FR1D_P3,CBHE_FR1D,-23.472098,151.977937,11.8,11.8,Heron,Front1,10m,Deep,Plot3,NA,NA,2022,Front,Front1,plot coordinates from AG,NA,1,1,1b,1b,HostD3,HostD3,Hap8
RRAP-ECO03-2023-Shys-CBHE-2710_L3,,RRAP-ECO03-2023-Shys-CBHE-2710,batch1,L3,CBHE-2710,2710,CBHE,CBHE_FR2D_P3,CBHE_FR2D,-23.47086716,151.9512024,11.6,11.6,Heron,Front2,10m,Deep,Plot3,NA,NA,2023,Front,Front2,plot coordinates from AG,NA,1,1,1b,1b,HostD3,HostD3,Hap8
RRAP-ECO03-2023-Shys-CBHE-2718_L3,,RRAP-ECO03-2023-Shys-CBHE-2718,batch1,L3,CBHE-2718,2718,CBHE,CBHE_FR2D_P4,CBHE_FR2D,-23.4708662,151.9513931,10.4,10.4,Heron,Front2,10m,Deep,Plot4,NA,NA,2023,Front,Front2,plot coordinates from AG,NA,1,1,1b,1b,HostD3,HostD3,Hap8
RRAP-ECO03-2022-Shys-CBLM-1208_L1,,RRAP-ECO03-2022-Shys-CBLM-1208,batch1,L1,CBLM-1208,1208,CBLM,CBLM_BA2S_P3,CBLM_BA2S,-23.8944175,152.403762,5.6,5.6,Lady Musgrave,Back2,5m,Shallow,Plot3,NA,NA,2022,Back,Back2,plot coordinates from AG,NA,1,1,1b,1b,HostD3,HostD3,Hap8
RRAP-ECO03-2023-Shys-CBLM-2619_L1,,RRAP-ECO03-2023-Shys-CBLM-2619,batch1,L1,CBLM-2619,2619,CBLM,CBLM_BA2S_P4,CBLM_BA2S,-23.8945,152.403644,4.4,4.4,Lady Musgrave,Back2,5m,Shallow,Plot4,NA,NA,2023,Back,Back2,plot coordinates from AG,NA,1,1,1b,1b,HostD3,HostD3,Hap8
RRAP-ECO03-2022-Shys-OCDA-BLCH71B_L2,,RRAP-ECO03-2022-Shys-OCDA-BLCH71B,batch1,L2,OCDA-BLCH71B,BLCH71B,OCDA,OCDA_FR2S_P4,OCDA_FR2S,-18.83150833,147.6528006,5.7,5.7,Davies,Front2,5m,Shallow,Plot4,NA,NA,2022,Front,Front2,plot coordinates from AG,NA,1,1,1b,1b,HostD3,HostD3,outlier
RRAP-ECO03-2022-Shys-TSAU-854_L1,,RRAP-ECO03-2022-Shys-TSAU-854,batch1,L1,TSAU-854,854,TSAU,TSAU_FR1S_P1,TSAU_FR1S,-9.87996,143.41004,3.1,3.1,Aukane,Front1,5m,Shallow,Plot1,NA,NA,2022,Front,Front1,original coordinates,NA,1,1,1b,1c,HostD3,HostD3,outlier
RRAP-ECO03-2022-Shys-OCDA-BLCH94B_L2,,RRAP-ECO03-2022-Shys-OCDA-BLCH94B,batch1,L2,OCDA-BLCH94B,BLCH94B,OCDA,OCDA_BA2S_P2,OCDA_BA2S,-18.81445,147.63709,2.7,2.7,Davies,Back2,5m,Shallow,Plot2,NA,NA,2022,Back,Back2,plot coordinates from AG,NA,1,1,1a,1a,HostD3_central,1a,Hap5
RRAP-ECO03-2022-Shys-OCDA-BLCH47B_L2,,RRAP-ECO03-2022-Shys-OCDA-BLCH47B,batch1,L2,OCDA-BLCH47B,BLCH47B,OCDA,OCDA_BA2S_P3,OCDA_BA2S,-18.81441,147.63697,4,4,Davies,Back2,5m,Shallow,Plot3,NA,NA,2022,Back,Back2,plot coordinates from AG,NA,1,1,1a,1a,HostD3_central,1a,Hap5
RRAP-ECO03-2022-Shys-OCDA-BLCH35B_L2,,RRAP-ECO03-2022-Shys-OCDA-BLCH35B,batch1,L2,OCDA-BLCH35B,BLCH35B,OCDA,OCDA_FL1D_P1,OCDA_FL1D,-18.805915,147.668855,11.9,11.9,Davies,Flank1,10m,Deep,Plot1,NA,NA,2022,Flank,Flank1,plot coordinates from AG,NA,1,1,1a,1a,HostD3_central,1a,Hap5
RRAP-ECO03-2023-Shys-OCDA-1793_L1,,RRAP-ECO03-2023-Shys-OCDA-1793,batch1,L1,OCDA-1793,1793,OCDA,OCDA_FL1D_P3,OCDA_FL1D,-18.805735,147.66876,12.4,12.4,Davies,Flank1,10m,Deep,Plot3,NA,NA,2023,Flank,Flank1,plot coordinates from AG,NA,1,1,1a,1a,HostD3_central,1a,Hap5
RRAP-ECO03-2022-Shys-OCDA-BLCH112B_L2,,RRAP-ECO03-2022-Shys-OCDA-BLCH112B,batch1,L2,OCDA-BLCH112B,BLCH112B,OCDA,OCDA_FL1S_P4,OCDA_FL1S,-18.805575,147.66835,5.4,5.4,Davies,Flank1,5m,Shallow,Plot4,NA,NA,2022,Flank,Flank1,plot coordinates from AG,NA,1,1,1a,1a,HostD3_central,1a,Hap5
RRAP-ECO03-2022-Shys-OCDA-BLCH113B_L2,,RRAP-ECO03-2022-Shys-OCDA-BLCH113B,batch1,L2,OCDA-BLCH113B,BLCH113B,OCDA,OCDA_FL1S_P4,OCDA_FL1S,-18.805575,147.66835,5.4,5.4,Davies,Flank1,5m,Shallow,Plot4,NA,NA,2022,Flank,Flank1,plot coordinates from AG,NA,1,1,1a,1a,HostD3_central,1a,Hap5
RRAP-ECO03-2022-Shys-OCDA-BLCH120B_L2,,RRAP-ECO03-2022-Shys-OCDA-BLCH120B,batch1,L2,OCDA-BLCH120B,BLCH120B,OCDA,OCDA_FL1S_P4,OCDA_FL1S,-18.805575,147.66835,5.4,5.4,Davies,Flank1,5m,Shallow,Plot4,NA,NA,2022,Flank,Flank1,plot coordinates from AG,NA,1,1,1a,1a,HostD3_central,1a,Hap5
RRAP-ECO03-2022-Shys-OCDA-BLCH114B_L2,,RRAP-ECO03-2022-Shys-OCDA-BLCH114B,batch1,L2,OCDA-BLCH114B,BLCH114B,OCDA,OCDA_FL1S_P4,OCDA_FL1S,-18.805575,147.66835,5.4,5.4,Davies,Flank1,5m,Shallow,Plot4,NA,NA,2022,Flank,Flank1,plot coordinates from AG,NA,1,1,1a,1a,HostD3_central,1a,Hap5
RRAP-ECO03-2022-Shys-OCDA-BLCH106B_L2,,RRAP-ECO03-2022-Shys-OCDA-BLCH106B,batch1,L2,OCDA-BLCH106B,BLCH106B,OCDA,OCDA_FL1S_P4,OCDA_FL1S,-18.805575,147.66835,5.4,5.4,Davies,Flank1,5m,Shallow,Plot4,NA,NA,2022,Flank,Flank1,plot coordinates from AG,NA,1,1,1a,1a,HostD3_central,1a,Hap5
RRAP-ECO03-2022-Shys-OCDA-BLCH24B_L2,,RRAP-ECO03-2022-Shys-OCDA-BLCH24B,batch1,L2,OCDA-BLCH24B,BLCH24B,OCDA,OCDA_FR1D_P1,OCDA_FR1D,-18.81968177,147.663926,9.8,9.8,Davies,Front1,10m,Deep,Plot1,NA,NA,2022,Front,Front1,plot coordinates from AG,NA,1,1,1a,1a,HostD3_central,1a,Hap5
RRAP-ECO03-2022-Shys-OCDA-BLCH26B_L2,,RRAP-ECO03-2022-Shys-OCDA-BLCH26B,batch1,L2,OCDA-BLCH26B,BLCH26B,OCDA,OCDA_FR1D_P1,OCDA_FR1D,-18.81968177,147.663926,9.8,9.8,Davies,Front1,10m,Deep,Plot1,NA,NA,2022,Front,Front1,plot coordinates from AG,NA,1,1,1a,1a,HostD3_central,1a,Hap5
RRAP-ECO03-2022-Shys-OCDA-BLCH11B_L2,,RRAP-ECO03-2022-Shys-OCDA-BLCH11B,batch1,L2,OCDA-BLCH11B,BLCH11B,OCDA,OCDA_FR1S_P1,OCDA_FR1S,-18.81961901,147.6637135,4.9,4.9,Davies,Front1,5m,Shallow,Plot1,NA,NA,2022,Front,Front1,plot coordinates from AG,NA,1,1,1a,1a,HostD3_central,1a,Hap5
Deepcat-PM-2014-Shys-SAUN-7985_L4,,Deepcat-PM-2014-Shys-SAUN-7985,batch2,L4,SAUN-7985,7985,SAUN,NA,NA,-11.47666667,144.0627778,40,40,Saunders,NA,40m,Deep,NA,NA,NA,NA,Front,NA,coarse coordinates,coarse category,1,1,1b,1b,HostD3_central,HostD3,Hap5
Deepcat-PM-2014-Shys-SAUN-7983_L4,,Deepcat-PM-2014-Shys-SAUN-7983,batch2,L4,SAUN-7983,7983,SAUN,NA,NA,-11.47666667,144.0627778,40,40,Saunders,NA,40m,Deep,NA,NA,NA,NA,Front,NA,coarse coordinates,coarse category,1,1,1b,1b,HostD3_central,HostD3,Hap5
Deepcat-PM-2014-Shys-SAUN-7981_L4,,Deepcat-PM-2014-Shys-SAUN-7981,batch2,L4,SAUN-7981,7981,SAUN,NA,NA,-11.47666667,144.0627778,40,40,Saunders,NA,40m,Deep,NA,NA,NA,NA,Front,NA,coarse coordinates,coarse category,1,1,1b,1b,HostD3_central,HostD3,Hap5
Deepcat-PM-2014-Shys-SAUN-7984_L4,,Deepcat-PM-2014-Shys-SAUN-7984,batch2,L4,SAUN-7984,7984,SAUN,NA,NA,-11.47666667,144.0627778,40,40,Saunders,NA,40m,Deep,NA,NA,NA,NA,Front,NA,coarse coordinates,coarse category,1,1,1b,1b,HostD3_central,HostD3,Hap5
Deepcat-PM-2014-Shys-SAUN-7980_L4,,Deepcat-PM-2014-Shys-SAUN-7980,batch2,L4,SAUN-7980,7980,SAUN,NA,NA,-11.47666667,144.0627778,40,40,Saunders,NA,40m,Deep,NA,NA,NA,NA,Front,NA,coarse coordinates,coarse category,1,1,1b,1b,HostD3_central,HostD3,Hap5
Deepcat-PM-2014-Shys-SAUN-7986_L4,,Deepcat-PM-2014-Shys-SAUN-7986,batch2,L4,SAUN-7986,7986,SAUN,NA,NA,-11.47666667,144.0627778,40,40,Saunders,NA,40m,Deep,NA,NA,NA,NA,Front,NA,coarse coordinates,coarse category,1,1,1b,1b,HostD3_central,HostD3,Hap5
RRAP-ECO03-2022-Shys-OCDA-BLCH34B_L2,,RRAP-ECO03-2022-Shys-OCDA-BLCH34B,batch1,L2,OCDA-BLCH34B,BLCH34B,OCDA,OCDA_FL1D_P1,OCDA_FL1D,-18.805915,147.668855,11.9,11.9,Davies,Flank1,10m,Deep,Plot1,NA,NA,2022,Flank,Flank1,plot coordinates from AG,NA,1,1,1b,1b,HostD3_central,HostD3,Hap5
RRAP-ECO03-2023-Shys-OCDA-1726_L1,,RRAP-ECO03-2023-Shys-OCDA-1726,batch1,L1,OCDA-1726,1726,OCDA,OCDA_FR2D_P4,OCDA_FR2D,-18.83160726,147.652827,10.4,10.4,Davies,Front2,10m,Deep,Plot4,NA,NA,2023,Front,Front2,plot coordinates from AG,NA,1,1,1b,1b,HostD3_central,HostD3,Hap5
RRAP-ECO03-2023-Shys-OCDA-2096_L3,,RRAP-ECO03-2023-Shys-OCDA-2096,batch1,L3,OCDA-2096,2096,OCDA,OCDA_FR2S_P1,OCDA_FR2S,-18.83192685,147.6524971,4.9,4.9,Davies,Front2,5m,Shallow,Plot1,NA,NA,2023,Front,Front2,plot coordinates from AG,NA,1,1,1b,1b,HostD3_central,HostD3,Hap5
RRAP-ECO03-2022-Shys-OCDA-BLCH74B_L2,,RRAP-ECO03-2022-Shys-OCDA-BLCH74B,batch1,L2,OCDA-BLCH74B,BLCH74B,OCDA,OCDA_FR2S_P4,OCDA_FR2S,-18.83150833,147.6528006,5.7,5.7,Davies,Front2,5m,Shallow,Plot4,NA,NA,2022,Front,Front2,plot coordinates from AG,NA,1,1,1b,1b,HostD3_central,HostD3,Hap5
RRAP-ECO03-2023-Shys-ONLI-2382_L4,,RRAP-ECO03-2023-Shys-ONLI-2382,batch2,L4,ONLI-2382,2382,ONLI,ONLI_FR1S,ONLI_FR1S,-14.69179039,145.4691158,3,NA,Lizard,NA,5m,Shallow,NA,NA,NA,2023,Front,Front1,ONLI_FR1S_P1,NA,1,1,1b,1c,HostD3_north,HostD3,Hap11
RRAP-ECO03-2023-Shys-ONLI-2377_L4,,RRAP-ECO03-2023-Shys-ONLI-2377,batch2,L4,ONLI-2377,2377,ONLI,ONLI_FR1S,ONLI_FR1S,-14.69179039,145.4691158,3,NA,Lizard,NA,5m,Shallow,NA,NA,NA,2023,Front,Front1,ONLI_FR1S_P1,NA,1,1,1b,1c,HostD3_north,HostD3,Hap11
RRAP-ECO03-2023-Shys-ONLI-2374_L4,,RRAP-ECO03-2023-Shys-ONLI-2374,batch2,L4,ONLI-2374,2374,ONLI,ONLI_FR1S,ONLI_FR1S,-14.69179039,145.4691158,3,NA,Lizard,NA,5m,Shallow,NA,NA,NA,2023,Front,Front1,ONLI_FR1S_P1,NA,1,1,1b,1c,HostD3_north,HostD3,Hap11
RRAP-ECO03-2023-Shys-ONLI-2451_L4,,RRAP-ECO03-2023-Shys-ONLI-2451,batch2,L4,ONLI-2451,2451,ONLI,ONLI_FL1S,ONLI_FL1S,-14.697944,145.4452925,3,NA,Lizard,NA,5m,Shallow,NA,NA,NA,2023,Flank,Flank1,original coordinates,NA,1,1,1b,1c,HostD3_north,HostD3,Hap11
RRAP-ECO03-2022-Shys-TSAU-859_L1,859? Written on tube,RRAP-ECO03-2022-Shys-TSAU-859,batch1,L1,TSAU-859,859,TSAU,TSAU_FL1S_P1,TSAU_FL1S,-9.882025,143.39442,3.4,3.4,Aukane,Flank1,5m,Shallow,Plot1,NA,NA,2022,Flank,Flank1,original coordinates,NA,1,1,1b,1c,HostD3_north,HostD3,Hap11
RRAP-ECO03-2022-Shys-TSAU-869_L1,,RRAP-ECO03-2022-Shys-TSAU-869,batch1,L1,TSAU-869,869,TSAU,TSAU_FL1S_P3,TSAU_FL1S,-9.882025,143.39442,2.6,2.6,Aukane,Flank1,5m,Shallow,Plot3,NA,NA,2022,Flank,Flank1,original coordinates,NA,1,1,1b,1c,HostD3_north,HostD3,Hap11
RRAP-ECO03-2022-Shys-TSAU-866_L1,,RRAP-ECO03-2022-Shys-TSAU-866,batch1,L1,TSAU-866,866,TSAU,TSAU_FL1S_P4,TSAU_FL1S,-9.882025,143.39442,3.2,3.2,Aukane,Flank1,5m,Shallow,Plot4,NA,NA,2022,Flank,Flank1,original coordinates,NA,1,1,1b,1c,HostD3_north,HostD3,Hap11
RRAP-ECO03-2022-Shys-TSAU-841_L1,,RRAP-ECO03-2022-Shys-TSAU-841,batch1,L1,TSAU-841,841,TSAU,TSAU_FR1S_P1,TSAU_FR1S,-9.87996,143.41004,3.1,3.1,Aukane,Front1,5m,Shallow,Plot1,NA,NA,2022,Front,Front1,original coordinates,NA,1,1,1b,1c,HostD3_north,HostD3,Hap11
RRAP-ECO03-2022-Shys-TSAU-845_L1,,RRAP-ECO03-2022-Shys-TSAU-845,batch1,L1,TSAU-845,845,TSAU,TSAU_FR1S_P2,TSAU_FR1S,-9.87996,143.41004,2.9,2.9,Aukane,Front1,5m,Shallow,Plot2,NA,NA,2022,Front,Front1,original coordinates,NA,1,1,1b,1c,HostD3_north,HostD3,Hap11
RRAP-ECO03-2022-Shys-TSAU-1085_L3,,RRAP-ECO03-2022-Shys-TSAU-1085,batch1,L3,TSAU-1085,1085,TSAU,TSAU_FR1S_P2,TSAU_FR1S,-9.87996,143.41004,2.9,2.9,Aukane,Front1,5m,Shallow,Plot2,NA,NA,2022,Front,Front1,original coordinates,NA,1,1,1b,1c,HostD3_north,HostD3,Hap11
RRAP-ECO03-2022-Shys-TSAU-849_L1,,RRAP-ECO03-2022-Shys-TSAU-849,batch1,L1,TSAU-849,849,TSAU,TSAU_FR1S_P4,TSAU_FR1S,-9.87996,143.41004,3.2,3.2,Aukane,Front1,5m,Shallow,Plot4,NA,NA,2022,Front,Front1,original coordinates,NA,1,1,1b,1c,HostD3_north,HostD3,Hap11
RRAP-ECO03-2022-Shys-TSAU-1119_L3,,RRAP-ECO03-2022-Shys-TSAU-1119,batch1,L3,TSAU-1119,1119,TSAU,TSAU_FR1S_P4,TSAU_FR1S,-9.87996,143.41004,3.2,3.2,Aukane,Front1,5m,Shallow,Plot4,NA,NA,2022,Front,Front1,original coordinates,NA,1,1,1b,1c,HostD3_north,HostD3,Hap11
RRAP-ECO03-2022-Shys-TSAU-833_L1,,RRAP-ECO03-2022-Shys-TSAU-833,batch1,L1,TSAU-833,833,TSAU,TSAU_FR2S_P3,TSAU_FR2S,-9.88359,143.407125,4.1,4.1,Aukane,Front2,5m,Shallow,Plot3,NA,NA,2022,Front,Front2,original coordinates,NA,1,1,1b,1c,HostD3_north,HostD3,Hap11
RRAP-ECO03-2022-Shys-TSAU-831_L1,,RRAP-ECO03-2022-Shys-TSAU-831,batch1,L1,TSAU-831,831,TSAU,TSAU_FR2S_P4,TSAU_FR2S,-9.88359,143.407125,4.6,4.6,Aukane,Front2,5m,Shallow,Plot4,NA,NA,2022,Front,Front2,original coordinates,NA,1,1,1b,1c,HostD3_north,HostD3,Hap11
RRAP-ECO03-2022-Shys-TSMA-906_L1,,RRAP-ECO03-2022-Shys-TSMA-906,batch1,L1,TSMA-906,906,TSMA,TSMA_FR1D_P2,TSMA_FR1D,-9.763955,143.417,8.3,8.3,Masig,Front1,10m,Deep,Plot2,NA,NA,2022,Front,Front1,original coordinates,NA,1,1,1b,1c,HostD3_north,HostD3,Hap11
RRAP-ECO03-2022-Shys-TSMA-905_L1,,RRAP-ECO03-2022-Shys-TSMA-905,batch1,L1,TSMA-905,905,TSMA,TSMA_FR1D_P2,TSMA_FR1D,-9.763955,143.417,8.3,8.3,Masig,Front1,10m,Deep,Plot2,NA,NA,2022,Front,Front1,original coordinates,NA,1,1,1b,1c,HostD3_north,HostD3,Hap11
RRAP-ECO03-2022-Shys-TSMA-908_L1,,RRAP-ECO03-2022-Shys-TSMA-908,batch1,L1,TSMA-908,908,TSMA,TSMA_FR1D_P4,TSMA_FR1D,-9.763955,143.417,8.6,8.6,Masig,Front1,10m,Deep,Plot4,NA,NA,2022,Front,Front1,original coordinates,NA,1,1,1b,1c,HostD3_north,HostD3,Hap11
RRAP-ECO03-2022-Shys-TSMA-927_L1,,RRAP-ECO03-2022-Shys-TSMA-927,batch1,L1,TSMA-927,927,TSMA,TSMA_FR2D_P2,TSMA_FR2D,-9.74637,143.46012,9.2,9.2,Masig,Front2,10m,Deep,Plot2,NA,NA,2022,Front,Front2,original coordinates,NA,1,1,1b,1c,HostD3_north,HostD3,Hap11
RRAP-ECO03-2022-Shys-TSMA-931_L2,,RRAP-ECO03-2022-Shys-TSMA-931,batch1,L2,TSMA-931,931,TSMA,TSMA_FR2D_P2,TSMA_FR2D,-9.74637,143.46012,9.2,9.2,Masig,Front2,10m,Deep,Plot2,NA,NA,2022,Front,Front2,original coordinates,NA,1,1,1b,1c,HostD3_north,HostD3,Hap11
RRAP-ECO03-2022-Shys-TSMA-936_L2,,RRAP-ECO03-2022-Shys-TSMA-936,batch1,L2,TSMA-936,936,TSMA,TSMA_FR2S_P2,TSMA_FR2S,-9.74838,143.458505,3.8,3.8,Masig,Front2,5m,Shallow,Plot2,NA,NA,2022,Front,Front2,original coordinates,NA,1,1,1b,1c,HostD3_north,HostD3,Hap11
RRAP-ECO03-2022-Shys-TSMA-939_L2,,RRAP-ECO03-2022-Shys-TSMA-939,batch1,L2,TSMA-939,939,TSMA,TSMA_FR2S_P4,TSMA_FR2S,-9.74838,143.458505,4.4,4.4,Masig,Front2,5m,Shallow,Plot4,NA,NA,2022,Front,Front2,original coordinates,NA,1,1,1b,1c,HostD3_north,HostD3,Hap11
RRAP-ECO03-2023-Shys-CBHE-2812_L1,,RRAP-ECO03-2023-Shys-CBHE-2812,batch1,L1,CBHE-2812,2812,CBHE,CBHE_BA1D_P1,CBHE_BA1D,-23.4280415,151.9524235,11.7,11.7,Heron,Back1,10m,Deep,Plot1,NA,NA,2023,Back,Back1,plot coordinates from AG,NA,1,1,1a,1a,HostD3_south,1a,Hap7
RRAP-ECO03-2023-Shys-CBHE-2816_L1,,RRAP-ECO03-2023-Shys-CBHE-2816,batch1,L1,CBHE-2816,2816,CBHE,CBHE_BA1D_P2,CBHE_BA1D,-23.4280535,151.952309,11.7,11.7,Heron,Back1,10m,Deep,Plot2,NA,NA,2023,Back,Back1,plot coordinates from AG,NA,1,1,1a,1a,HostD3_south,1a,Hap7
RRAP-ECO03-2023-Shys-CBHE-2817_L2,,RRAP-ECO03-2023-Shys-CBHE-2817,batch1,L2,CBHE-2817,2817,CBHE,CBHE_BA1D_P3,CBHE_BA1D,-23.428095,151.952179,11.3,11.3,Heron,Back1,10m,Deep,Plot3,NA,NA,2023,Back,Back1,plot coordinates from AG,NA,1,1,1a,1a,HostD3_south,1a,Hap7
RRAP-ECO03-2023-Shys-CBHE-2820_L2,,RRAP-ECO03-2023-Shys-CBHE-2820,batch1,L2,CBHE-2820,2820,CBHE,CBHE_BA1D_P3,CBHE_BA1D,-23.428095,151.952179,11.3,11.3,Heron,Back1,10m,Deep,Plot3,NA,NA,2023,Back,Back1,plot coordinates from AG,NA,1,1,1a,1a,HostD3_south,1a,Hap7
RRAP-ECO03-2023-Shys-CBHE-2818_L1,,RRAP-ECO03-2023-Shys-CBHE-2818,batch1,L1,CBHE-2818,2818,CBHE,CBHE_BA1D_P3,CBHE_BA1D,-23.428095,151.952179,11.3,11.3,Heron,Back1,10m,Deep,Plot3,NA,NA,2023,Back,Back1,plot coordinates from AG,NA,1,1,1a,1a,HostD3_south,1a,Hap7
RRAP-ECO03-2023-Shys-CBHE-2775_L1,,RRAP-ECO03-2023-Shys-CBHE-2775,batch1,L1,CBHE-2775,2775,CBHE,CBHE_BA1S_P2,CBHE_BA1S,-23.428454,151.9524855,4.8,4.8,Heron,Back1,5m,Shallow,Plot2,NA,NA,2023,Back,Back1,plot coordinates from AG,NA,1,1,1a,1a,HostD3_south,1a,Hap7
RRAP-ECO03-2023-Shys-CBHE-2778_L1,,RRAP-ECO03-2023-Shys-CBHE-2778,batch1,L1,CBHE-2778,2778,CBHE,CBHE_BA1S_P3,CBHE_BA1S,-23.4284495,151.952358,4,4,Heron,Back1,5m,Shallow,Plot3,NA,NA,2023,Back,Back1,plot coordinates from AG,NA,1,1,1a,1a,HostD3_south,1a,Hap7
RRAP-ECO03-2023-Shys-CBHE-2779_L1,,RRAP-ECO03-2023-Shys-CBHE-2779,batch1,L1,CBHE-2779,2779,CBHE,CBHE_BA1S_P3,CBHE_BA1S,-23.4284495,151.952358,4,4,Heron,Back1,5m,Shallow,Plot3,NA,NA,2023,Back,Back1,plot coordinates from AG,NA,1,1,1a,1a,HostD3_south,1a,Hap7
RRAP-ECO03-2023-Shys-CBHE-2746_L1,,RRAP-ECO03-2023-Shys-CBHE-2746,batch1,L1,CBHE-2746,2746,CBHE,CBHE_BA2S_P4,CBHE_BA2S,-23.4340385,151.920667,3.9,3.9,Heron,Back2,5m,Shallow,Plot4,NA,NA,2023,Back,Back2,plot coordinates from AG,NA,1,1,1a,1a,HostD3_south,1a,Hap7
RRAP-ECO03-2023-Shys-CBHE-2693_L3,part of plate4 renamed,RRAP-ECO03-2023-Shys-CBHE-2693,batch1,L3,CBHE-2693,2693,CBHE,CBHE_FL1S_P4,CBHE_FL1S,-23.4563285,151.9257705,5.3,5.3,Heron,Flank1,5m,Shallow,Plot4,NA,NA,2023,Flank,Flank1,plot coordinates from AG,NA,1,1,1a,1a,HostD3_south,1a,Hap7
RRAP-ECO03-2023-Shys-CBHE-2697_L1,,RRAP-ECO03-2023-Shys-CBHE-2697,batch1,L1,CBHE-2697,2697,CBHE,CBHE_FL1S_P4,CBHE_FL1S,-23.4563285,151.9257705,5.3,5.3,Heron,Flank1,5m,Shallow,Plot4,NA,NA,2023,Flank,Flank1,plot coordinates from AG,NA,1,1,1a,1a,HostD3_south,1a,Hap7
RRAP-ECO03-2022-Shys-CBHE-1307_L3,,RRAP-ECO03-2022-Shys-CBHE-1307,batch1,L3,CBHE-1307,1307,CBHE,CBHE_FR1D_P1,CBHE_FR1D,-23.472103,151.977764,11.4,11.4,Heron,Front1,10m,Deep,Plot1,NA,NA,2022,Front,Front1,plot coordinates from AG,NA,1,1,1a,1a,HostD3_south,1a,Hap7
RRAP-ECO03-2023-Shys-CBHE-2665_L1,,RRAP-ECO03-2023-Shys-CBHE-2665,batch1,L1,CBHE-2665,2665,CBHE,CBHE_FR1D_P3,CBHE_FR1D,-23.472098,151.977937,11.8,11.8,Heron,Front1,10m,Deep,Plot3,NA,NA,2023,Front,Front1,plot coordinates from AG,NA,1,1,1a,1a,HostD3_south,1a,Hap7
RRAP-ECO03-2023-Shys-CBHE-2664_L1,,RRAP-ECO03-2023-Shys-CBHE-2664,batch1,L1,CBHE-2664,2664,CBHE,CBHE_FR1D_P3,CBHE_FR1D,-23.472098,151.977937,11.8,11.8,Heron,Front1,10m,Deep,Plot3,NA,NA,2023,Front,Front1,plot coordinates from AG,NA,1,1,1a,1a,HostD3_south,1a,Hap7
RRAP-ECO03-2023-Shys-CBHE-2666_L1,,RRAP-ECO03-2023-Shys-CBHE-2666,batch1,L1,CBHE-2666,2666,CBHE,CBHE_FR1D_P3,CBHE_FR1D,-23.472098,151.977937,11.8,11.8,Heron,Front1,10m,Deep,Plot3,NA,NA,2023,Front,Front1,plot coordinates from AG,NA,1,1,1a,1a,HostD3_south,1a,Hap7
RRAP-ECO03-2023-Shys-CBHE-2699_L3,actually 2669,RRAP-ECO03-2023-Shys-CBHE-2669,batch1,L3,CBHE-2669,2669,CBHE,CBHE_FR1D_P4,CBHE_FR1D,-23.4720925,151.978211,11.4,11.4,Heron,Front1,10m,Deep,NA,NA,NA,2023,Front,Front1,original coordinates,NA,1,1,1a,1a,HostD3_south,1a,Hap7
RRAP-ECO03-2023-Shys-CBHE-2700_L3,,RRAP-ECO03-2023-Shys-CBHE-2700,batch1,L3,CBHE-2700,2700,CBHE,CBHE_FR1D_P4,CBHE_FR1D,-23.4720925,151.978211,11.4,11.4,Heron,Front1,10m,Deep,Plot4,NA,NA,2023,Front,Front1,plot coordinates from AG,NA,1,1,1a,1a,HostD3_south,1a,Hap7
RRAP-ECO03-2023-Shys-CBHE-2689_L1,,RRAP-ECO03-2023-Shys-CBHE-2689,batch1,L1,CBHE-2689,2689,CBHE,CBHE_FR1S_P4,CBHE_FR1S,-23.471902,151.977954,5.7,5.7,Heron,Front1,5m,Shallow,Plot4,NA,NA,2023,Front,Front1,plot coordinates from AG,NA,1,1,1a,1a,HostD3_south,1a,Hap7
RRAP-ECO03-2023-Shys-CBHE-2704_L1,,RRAP-ECO03-2023-Shys-CBHE-2704,batch1,L1,CBHE-2704,2704,CBHE,CBHE_FR2D_P2,CBHE_FR2D,-23.47084618,151.9509202,11.8,11.8,Heron,Front2,10m,Deep,Plot2,NA,NA,2023,Front,Front2,plot coordinates from AG,NA,1,1,1a,1a,HostD3_south,1a,Hap7
RRAP-ECO03-2023-Shys-CBHE-2715_L3,,RRAP-ECO03-2023-Shys-CBHE-2715,batch1,L3,CBHE-2715,2715,CBHE,CBHE_FR2D_P3,CBHE_FR2D,-23.47086716,151.9512024,11.6,11.6,Heron,Front2,10m,Deep,Plot3,NA,NA,2023,Front,Front2,plot coordinates from AG,NA,1,1,1a,1a,HostD3_south,1a,Hap7
RRAP-ECO03-2022-Shys-CBHE-1286_L3,,RRAP-ECO03-2022-Shys-CBHE-1286,batch1,L3,CBHE-1286,1286,CBHE,CBHE_FR2D_P3,CBHE_FR2D,-23.47086716,151.9512024,11.6,11.6,Heron,Front2,10m,Deep,Plot3,NA,NA,2022,Front,Front2,plot coordinates from AG,NA,1,1,1a,1a,HostD3_south,1a,Hap7
RRAP-ECO03-2023-Shys-CBHE-2717_L1,,RRAP-ECO03-2023-Shys-CBHE-2717,batch1,L1,CBHE-2717,2717,CBHE,CBHE_FR2D_P4,CBHE_FR2D,-23.4708662,151.9513931,10.4,10.4,Heron,Front2,10m,Deep,Plot4,NA,NA,2023,Front,Front2,plot coordinates from AG,NA,1,1,1a,1a,HostD3_south,1a,Hap7
RRAP-ECO03-2023-Shys-CBLM-2617_L1,,RRAP-ECO03-2023-Shys-CBLM-2617,batch1,L1,CBLM-2617,2617,CBLM,CBLM_BA2S_P3,CBLM_BA2S,-23.8944175,152.403762,5.6,5.6,Lady Musgrave,Back2,5m,Shallow,Plot3,NA,NA,2023,Back,Back2,plot coordinates from AG,NA,1,1,1a,1a,HostD3_south,1a,Hap7
RRAP-ECO03-2023-Shys-CBLM-1243_L3,part of plate4 renamed,RRAP-ECO03-2023-Shys-CBLM-1243,batch1,L3,CBLM-1243,1243,CBLM,CBLM_FL1S_P1,CBLM_FL1S,-23.884943,152.4136075,4.2,4.2,Lady Musgrave,Flank1,5m,Shallow,Plot1,NA,NA,2022,Flank,Flank1,plot coordinates from AG,NA,1,1,1a,1a,HostD3_south,1a,Hap7
RRAP-ECO03-2023-Shys-CBLM-2593_L1,,RRAP-ECO03-2023-Shys-CBLM-2593,batch1,L1,CBLM-2593,2593,CBLM,CBLM_FL1S_P1,CBLM_FL1S,-23.884943,152.4136075,4.2,4.2,Lady Musgrave,Flank1,5m,Shallow,Plot1,NA,NA,2023,Flank,Flank1,plot coordinates from AG,NA,1,1,1a,1a,HostD3_south,1a,Hap7
RRAP-ECO03-2022-Shys-CBLM-1240_L3,,RRAP-ECO03-2022-Shys-CBLM-1240,batch1,L3,CBLM-1240,1240,CBLM,CBLM_FL1S_P1,CBLM_FL1S,-23.884943,152.4136075,4.2,4.2,Lady Musgrave,Flank1,5m,Shallow,Plot1,NA,NA,2022,Flank,Flank1,plot coordinates from AG,NA,1,1,1a,1a,HostD3_south,1a,Hap7
RRAP-ECO03-2023-Shys-CBLM-2597_L1,,RRAP-ECO03-2023-Shys-CBLM-2597,batch1,L1,CBLM-2597,2597,CBLM,CBLM_FL1S_P2,CBLM_FL1S,-23.88506,152.4135875,4,4,Lady Musgrave,Flank1,5m,Shallow,Plot2,NA,NA,2023,Flank,Flank1,plot coordinates from AG,NA,1,1,1a,1a,HostD3_south,1a,Hap7
RRAP-ECO03-2023-Shys-CBLM-2596_L1,,RRAP-ECO03-2023-Shys-CBLM-2596,batch1,L1,CBLM-2596,2596,CBLM,CBLM_FL1S_P2,CBLM_FL1S,-23.88506,152.4135875,4,4,Lady Musgrave,Flank1,5m,Shallow,Plot2,NA,NA,2023,Flank,Flank1,plot coordinates from AG,NA,1,1,1a,1a,HostD3_south,1a,Hap7
RRAP-ECO03-2023-Shys-CBLM-2603_L1,,RRAP-ECO03-2023-Shys-CBLM-2603,batch1,L1,CBLM-2603,2603,CBLM,CBLM_FL1S_P3,CBLM_FL1S,-23.8852145,152.413594,5.1,5.1,Lady Musgrave,Flank1,5m,Shallow,Plot3,NA,NA,2023,Flank,Flank1,plot coordinates from AG,NA,1,1,1a,1a,HostD3_south,1a,Hap7
RRAP-ECO03-2023-Shys-CBLM-1252_L3,part of plate4 renamed,RRAP-ECO03-2023-Shys-CBLM-1252,batch1,L3,CBLM-1252,1252,CBLM,CBLM_FL1S_P4,CBLM_FL1S,-23.8853215,152.413674,4.9,4.9,Lady Musgrave,Flank1,5m,Shallow,Plot4,NA,NA,2022,Flank,Flank1,plot coordinates from AG,NA,1,1,1a,1a,HostD3_south,1a,Hap7
RRAP-ECO03-2023-Shys-CBLM-2606_L1,,RRAP-ECO03-2023-Shys-CBLM-2606,batch1,L1,CBLM-2606,2606,CBLM,CBLM_FL1S_P4,CBLM_FL1S,-23.8853215,152.413674,4.9,4.9,Lady Musgrave,Flank1,5m,Shallow,Plot4,NA,NA,2023,Flank,Flank1,plot coordinates from AG,NA,1,1,1a,1a,HostD3_south,1a,Hap7
RRAP-ECO03-2023-Shys-CBLM-1251_L3,,RRAP-ECO03-2023-Shys-CBLM-1251,batch1,L3,CBLM-1251,1251,CBLM,CBLM_FL1S_P4,CBLM_FL1S,-23.8853215,152.413674,4.9,4.9,Lady Musgrave,Flank1,5m,Shallow,Plot4,NA,NA,2022,Flank,Flank1,plot coordinates from AG,NA,1,1,1a,1a,HostD3_south,1a,Hap7
RRAP-ECO03-2023-Shys-CBLM-2649_L2,,RRAP-ECO03-2023-Shys-CBLM-2649,batch1,L2,CBLM-2649,2649,CBLM,CBLM_BA1S_P3,CBLM_BA1S,-23.9003675,152.3934045,3.4,3.4,Lady Musgrave,Back1,5m,Shallow,Plot3,NA,NA,2023,Back,Back1,plot coordinates from AG,NA,1,1,1b,1b,HostD3_south,HostD3,Hap7
Deepcat-PM-2014-Shys-RUBY-7695_L4,actually 7734,Deepcat-PM-2014-Shys-RUBY-7734,batch2,L4,RUBY-7734,7734,RUBY,NA,NA,-15.69638889,145.7777778,10,10,Ruby,NA,10m,Shallow,NA,NA,NA,NA,Front,NA,coarse coordinates,coarse category,2,3,3,3,HostU,HostU,
Deepcat-PM-2014-Shys-RUBY-7728_L4,,Deepcat-PM-2014-Shys-RUBY-7728,batch2,L4,RUBY-7728,7728,RUBY,NA,NA,-15.69638889,145.7777778,10,10,Ruby,NA,10m,Shallow,NA,NA,NA,NA,Front,NA,coarse coordinates,coarse category,2,3,3,3,HostU,HostU,
Deepcat-PM-2014-Shys-RUBY-7730_L4,,Deepcat-PM-2014-Shys-RUBY-7730,batch2,L4,RUBY-7730,7730,RUBY,NA,NA,-15.69638889,145.7777778,10,10,Ruby,NA,10m,Shallow,NA,NA,NA,NA,Front,NA,coarse coordinates,coarse category,2,3,3,3,HostU,HostU,
Deepcat-PM-2014-Shys-RUBY-7725_L4,,Deepcat-PM-2014-Shys-RUBY-7725,batch2,L4,RUBY-7725,7725,RUBY,NA,NA,-15.69638889,145.7777778,10,10,Ruby,NA,10m,Shallow,NA,NA,NA,NA,Front,NA,coarse coordinates,coarse category,2,3,3,3,HostU,HostU,
Deepcat-PM-2014-Shys-RUBY-7735_L4,,Deepcat-PM-2014-Shys-RUBY-7735,batch2,L4,RUBY-7735,7735,RUBY,NA,NA,-15.69638889,145.7777778,10,10,Ruby,NA,10m,Shallow,NA,NA,NA,NA,Front,NA,coarse coordinates,coarse category,2,3,3,3,HostU,HostU,
Deepcat-PM-2014-Shys-RUBY-7740_L4,,Deepcat-PM-2014-Shys-RUBY-7740,batch2,L4,RUBY-7740,7740,RUBY,NA,NA,-15.69638889,145.7777778,10,10,Ruby,NA,10m,Shallow,NA,NA,NA,NA,Front,NA,coarse coordinates,coarse category,2,3,3,3,HostU,HostU,
Deepcat-PM-2014-Shys-RUBY-7732_L4,,Deepcat-PM-2014-Shys-RUBY-7732,batch2,L4,RUBY-7732,7732,RUBY,NA,NA,-15.69638889,145.7777778,10,10,Ruby,NA,10m,Shallow,NA,NA,NA,NA,Front,NA,coarse coordinates,coarse category,2,3,3,3,HostU,HostU,
Deepcat-PM-2014-Shys-RUBY-7729_L4,,Deepcat-PM-2014-Shys-RUBY-7729,batch2,L4,RUBY-7729,7729,RUBY,NA,NA,-15.69638889,145.7777778,10,10,Ruby,NA,10m,Shallow,NA,NA,NA,NA,Front,NA,coarse coordinates,coarse category,2,3,3,3,HostU,HostU,
Deepcat-PM-2014-Shys-RUBY-7726_L4,,Deepcat-PM-2014-Shys-RUBY-7726,batch2,L4,RUBY-7726,7726,RUBY,NA,NA,-15.69638889,145.7777778,10,10,Ruby,NA,10m,Shallow,NA,NA,NA,NA,Front,NA,coarse coordinates,coarse category,2,3,3,3,HostU,HostU,
Deepcat-PM-2014-Shys-SABA-8032_L4,upperslope morph,Deepcat-PM-2014-Shys-SABA-8032,batch2,L4,SABA-8032,8032,SAUN,NA,NA,-11.47666667,144.0627778,10,10,Saunders,NA,10m,Shallow,NA,NA,NA,NA,Back,NA,coarse coordinates,coarse category,2,3,3,3,HostU,HostU,
Deepcat-PM-2014-Shys-SABA-8033_L4,upperslope morph,Deepcat-PM-2014-Shys-SABA-8033,batch2,L4,SABA-8033,8033,SAUN,NA,NA,-11.47666667,144.0627778,10,10,Saunders,NA,10m,Shallow,NA,NA,NA,NA,Back,NA,coarse coordinates,coarse category,2,3,3,3,HostU,HostU,
Deepcat-PM-2014-Shys-SABA-8036_L4,upperslope morph,Deepcat-PM-2014-Shys-SABA-8036,batch2,L4,SABA-8036,8036,SAUN,NA,NA,-11.47666667,144.0627778,10,10,Saunders,NA,10m,Shallow,NA,NA,NA,NA,Back,NA,coarse coordinates,coarse category,2,3,3,3,HostU,HostU,
Deepcat-PM-2014-Shys-SABA-8035_L4,upperslope morph,Deepcat-PM-2014-Shys-SABA-8035,batch2,L4,SABA-8035,8035,SAUN,NA,NA,-11.47666667,144.0627778,10,10,Saunders,NA,10m,Shallow,NA,NA,NA,NA,Back,NA,coarse coordinates,coarse category,2,3,3,3,HostU,HostU,
Deepcat-PM-2014-Shys-SABA-8034_L4,upperslope morph,Deepcat-PM-2014-Shys-SABA-8034,batch2,L4,SABA-8034,8034,SAUN,NA,NA,-11.47666667,144.0627778,10,10,Saunders,NA,10m,Shallow,NA,NA,NA,NA,Back,NA,coarse coordinates,coarse category,2,3,3,3,HostU,HostU,
Deepcat-PM-2014-Shys-RUBY-7698_L4,,Deepcat-PM-2014-Shys-RUBY-7698,batch2,L4,RUBY-7698,7698,RUBY,NA,NA,-15.69638889,145.7777778,40,40,Ruby,NA,10m,Deep,NA,NA,NA,NA,Front,NA,coarse coordinates,coarse category,,NA,NA,NA,HostU,HostU,outlier
Deepcat-PM-2014-Shys-RUBA-7743-rep_L4,could be 2990,Deepcat-PM-2014-Shys-RUBA-7743-rep,batch2,L4,RUBA-7743-rep,7743,RUBY,NA,NA,-15.69638889,145.7777778,10,10,Ruby,NA,10m,Shallow,NA,NA,NA,NA,Back,NA,coarse coordinates,coarse category,,NA,NA,NA,HostU,HostU,
Deepcat-PM-2014-Shys-RUBY-7728-rep_L4,could be 8036,Deepcat-PM-2014-Shys-RUBY-7728-rep,batch2,L4,RUBY-7728-rep,7728,RUBY,NA,NA,-15.69638889,145.7777778,10,10,Ruby,NA,10m,Shallow,NA,NA,NA,NA,Front,NA,coarse coordinates,coarse category,,NA,NA,NA,HostU,HostU,
Deepcat-PM-2014-Shys-RUBY-7738_L4,,Deepcat-PM-2014-Shys-RUBY-7738,batch2,L4,RUBY-7738,7738,RUBY,NA,NA,-15.69638889,145.7777778,10,10,Ruby,NA,10m,Shallow,NA,NA,NA,NA,Front,NA,coarse coordinates,coarse category,,NA,NA,NA,HostU,HostU,
Deepcat-PM-2014-Shys-RUBY-7739_L4,,Deepcat-PM-2014-Shys-RUBY-7739,batch2,L4,RUBY-7739,7739,RUBY,NA,NA,-15.69638889,145.7777778,10,10,Ruby,NA,10m,Shallow,NA,NA,NA,NA,Front,NA,coarse coordinates,coarse category,,NA,NA,NA,HostU,HostU,
Deepcat-PM-2014-Shys-RUBY-7731_L4,,Deepcat-PM-2014-Shys-RUBY-7731,batch2,L4,RUBY-7731,7731,RUBY,NA,NA,-15.69638889,145.7777778,10,10,Ruby,NA,10m,Shallow,NA,NA,NA,NA,Front,NA,coarse coordinates,coarse category,,NA,NA,NA,HostU,HostU,
Deepcat-PM-2014-Shys-RUBY-7737_L4,,Deepcat-PM-2014-Shys-RUBY-7737,batch2,L4,RUBY-7737,7737,RUBY,NA,NA,-15.69638889,145.7777778,10,10,Ruby,NA,10m,Shallow,NA,NA,NA,NA,Front,NA,coarse coordinates,coarse category,,NA,NA,NA,HostU,HostU,
Deepcat-PM-2014-Shys-RUBY-7722_L4,,Deepcat-PM-2014-Shys-RUBY-7722,batch2,L4,RUBY-7722,7722,RUBY,NA,NA,-15.69638889,145.7777778,10,10,Ruby,NA,10m,Shallow,NA,NA,NA,NA,Front,NA,coarse coordinates,coarse category,,NA,NA,NA,HostU,HostU,
Deepcat-PM-2014-Shys-RUBY-7727_L4,,Deepcat-PM-2014-Shys-RUBY-7727,batch2,L4,RUBY-7727,7727,RUBY,NA,NA,-15.69638889,145.7777778,10,10,Ruby,NA,10m,Shallow,NA,NA,NA,NA,Front,NA,coarse coordinates,coarse category,,NA,NA,NA,HostU,HostU,
RRAP-ECO03-2022-Shys-CBHE-1393_L3,,RRAP-ECO03-2022-Shys-CBHE-1393,batch1,L3,CBHE-1393,1393,CBHE,CBHE_BA2D_P1,CBHE_BA2D,-23.4340395,151.920592,10.5,10.5,Heron,Back2,10m,Deep,Plot1,NA,NA,2022,Back,Back2,plot coordinates from AG,NA,1,1,1a,1a,,1a,outlier
RRAP-ECO03-2023-Shys-CBHE-2705_L2,,RRAP-ECO03-2023-Shys-CBHE-2705,batch1,L2,CBHE-2705,2705,CBHE,CBHE_FR2D_P2,CBHE_FR2D,-23.47084618,151.9509202,11.8,11.8,Heron,Front2,10m,Deep,Plot2,NA,NA,2023,Front,Front2,plot coordinates from AG,NA,1,1,1a,1a,,1a,outlier
RRAP-ECO03-2022-Shys-OCDA-BLCH30B_L2,,RRAP-ECO03-2022-Shys-OCDA-BLCH30B,batch1,L2,OCDA-BLCH30B,BLCH30B,OCDA,OCDA_FL1D_P1,OCDA_FL1D,-18.805915,147.668855,11.9,11.9,Davies,Flank1,10m,Deep,Plot1,NA,NA,2022,Flank,Flank1,plot coordinates from AG,NA,1,1,1a,1a,,1a,outlier
RRAP-ECO03-2022-Shys-OCDA-BLCH21B_L2,,RRAP-ECO03-2022-Shys-OCDA-BLCH21B,batch1,L2,OCDA-BLCH21B,BLCH21B,OCDA,OCDA_FR1D_P1,OCDA_FR1D,-18.81968177,147.663926,9.8,9.8,Davies,Front1,10m,Deep,Plot1,NA,NA,2022,Front,Front1,plot coordinates from AG,NA,1,1,1a,1a,,1a,outlier
RRAP-ECO03-2023-Shys-CBHE-2672_L1,,RRAP-ECO03-2023-Shys-CBHE-2672,batch1,L1,CBHE-2672,2672,CBHE,CBHE_FR1S_P2,CBHE_FR1S,-23.4719785,151.9776975,6.1,6.1,Heron,Front1,5m,Shallow,Plot2,NA,NA,2023,Front,Front1,plot coordinates from AG,NA,,NA,NA,NA,,NA,
RRAP-ECO03-2023-Shys-CBHE-2692_L1,,RRAP-ECO03-2023-Shys-CBHE-2692,batch1,L1,CBHE-2692,2692,CBHE,CBHE_FR1S_P4,CBHE_FR1S,-23.471902,151.977954,5.7,5.7,Heron,Front1,5m,Shallow,Plot4,NA,NA,2023,Front,Front1,plot coordinates from AG,NA,,NA,NA,NA,,NA,
RRAP-ECO03-2023-Shys-CBHE-2729_L2,,RRAP-ECO03-2023-Shys-CBHE-2729,batch1,L2,CBHE-2729,2729,CBHE,CBHE_FR2S_P4,CBHE_FR2S,-23.47050095,151.9511948,5.6,5.6,Heron,Front2,5m,Shallow,Plot4,NA,NA,2023,Front,Front2,plot coordinates from AG,NA,,NA,NA,NA,,NA,
RRAP-ECO03-2023-Shys-CBHE-2728-rep_L1,,RRAP-ECO03-2023-Shys-CBHE-2728-rep,batch1,L1,CBHE-2728-rep,2728,CBHE,CBHE_FR2S_P4,CBHE_FR2S,-23.47050095,151.9511948,5.6,5.6,Heron,Front2,5m,Shallow,Plot4,NA,NA,2023,Front,Front2,plot coordinates from AG,NA,,NA,NA,NA,,NA,
RRAP-ECO03-2022-Shys-CBHE-1303_L3,,RRAP-ECO03-2022-Shys-CBHE-1303,batch1,L3,CBHE-1303,1303,CBHE,CBHE_FR2S_P4,CBHE_FR2S,-23.47050095,151.9511948,5.6,5.6,Heron,Front2,5m,Shallow,Plot4,NA,NA,2022,Front,Front2,plot coordinates from AG,NA,,NA,NA,NA,,NA,
RRAP-ECO03-2023-Shys-CBHE-2725_L2,,RRAP-ECO03-2023-Shys-CBHE-2725,batch1,L2,CBHE-2725,2725,CBHE,CBHE_FR2S_P4,CBHE_FR2S,-23.47050095,151.9511948,5.6,5.6,Heron,Front2,5m,Shallow,Plot4,NA,NA,2023,Front,Front2,plot coordinates from AG,NA,,NA,NA,NA,,NA,
RRAP-ECO03-2023-Shys-CBLM-2653_L2,,RRAP-ECO03-2023-Shys-CBLM-2653,batch1,L2,CBLM-2653,2653,CBLM,CBLM_BA1S_P2,CBLM_BA1S,-23.900253,152.393555,4.3,4.3,Lady Musgrave,Back1,5m,Shallow,Plot2,NA,NA,2023,Back,Back1,plot coordinates from AG,NA,,NA,NA,NA,,NA,
RRAP-ECO03-2023-Shys-CBLM-2633-rep_L2,,RRAP-ECO03-2023-Shys-CBLM-2633-rep,batch1,L2,CBLM-2633-rep,2633,CBLM,CBLM_LA1S_P2,CBLM_LA1S,-23.896318,152.4138515,4.5,4.5,Lady Musgrave,Lagoon1,5m,Shallow,Plot2,NA,NA,2023,Lagoon,Lagoon1,plot coordinates from AG,NA,,NA,NA,NA,,NA,
RRAP-ECO03-2023-Shys-ONLI-2965_L4,,RRAP-ECO03-2023-Shys-ONLI-2965,batch2,L4,ONLI-2965,2965,ONLI,ONLI_BV1S,ONLI_BV1S,-14.684389,145.44,4.1,4.1,Lizard,NA,5m,Shallow,NA,4.1,15,2023,Back,BigVicki1,original coordinates,computer depth,,NA,NA,NA,,NA,outlier
RRAP-ECO03-2023-Shys-ONLI-2379_L4,,RRAP-ECO03-2023-Shys-ONLI-2379,batch2,L4,ONLI-2379,2379,ONLI,ONLI_FR1S,ONLI_FR1S,-14.69179039,145.4691158,3,NA,Lizard,NA,5m,Shallow,NA,NA,NA,2023,Front,Front1,ONLI_FR1S_P1,NA,,NA,NA,1c,,NA,
RRAP-ECO03-2023-Shys-OCCH-1911_L2,,RRAP-ECO03-2023-Shys-OCCH-1911,batch1,L2,OCCH-1911,1911,OCCH,OCCH_BA2S_P3,OCCH_BA2S,-18.66045,147.70259,4.6,4.6,Chicken,Back2,5m,Shallow,Plot3,NA,NA,2023,Back,Back2,plot coordinates from AG,NA,,NA,NA,NA,,NA,
RRAP-ECO03-2022-Shys-OCDA-BLCH79B_L2,,RRAP-ECO03-2022-Shys-OCDA-BLCH79B,batch1,L2,OCDA-BLCH79B,BLCH79B,OCDA,OCDA_BA2S_P2,OCDA_BA2S,-18.81445,147.63709,2.7,2.7,Davies,Back2,5m,Shallow,Plot2,NA,NA,2022,Back,Back2,plot coordinates from AG,NA,,NA,NA,NA,,NA,
RRAP-ECO03-2023-Shys-OCDA-1774-rep_L2,,RRAP-ECO03-2023-Shys-OCDA-1774-rep,batch1,L2,OCDA-1774-rep,1774,OCDA,OCDA_BA2S_P3,OCDA_BA2S,-18.81441,147.63697,4,4,Davies,Back2,5m,Shallow,Plot3,NA,NA,2023,Back,Back2,plot coordinates from AG,NA,,NA,NA,NA,,NA,
RRAP-ECO03-2023-Shys-OCDA-1786_L1,,RRAP-ECO03-2023-Shys-OCDA-1786,batch1,L1,OCDA-1786,1786,OCDA,OCDA_FL1D_P2,OCDA_FL1D,-18.80582,147.668845,12.2,12.2,Davies,Flank1,10m,Deep,Plot2,NA,NA,2023,Flank,Flank1,plot coordinates from AG,NA,,NA,NA,NA,,NA,
RRAP-ECO03-2023-Shys-OCDA-1813-rep_L2,,RRAP-ECO03-2023-Shys-OCDA-1813-rep,batch1,L2,OCDA-1813-rep,1813,OCDA,OCDA_FL1S_P3,OCDA_FL1S,-18.80563,147.66845,4.8,4.8,Davies,Flank1,5m,Shallow,Plot3,NA,NA,2023,Flank,Flank1,plot coordinates from AG,NA,,NA,NA,NA,,NA,
RRAP-ECO03-2022-Shys-OCDA-BLCH108B_L2,,RRAP-ECO03-2022-Shys-OCDA-BLCH108B,batch1,L2,OCDA-BLCH108B,BLCH108B,OCDA,OCDA_FL1S_P4,OCDA_FL1S,-18.805575,147.66835,5.4,5.4,Davies,Flank1,5m,Shallow,Plot4,NA,NA,2022,Flank,Flank1,plot coordinates from AG,NA,,NA,NA,NA,,NA,
RRAP-ECO03-2022-Shys-OCDA-BLCH113B-rep_L2,,RRAP-ECO03-2022-Shys-OCDA-BLCH113B-rep,batch1,L2,OCDA-BLCH113B-rep,BLCH113B,OCDA,OCDA_FL1S_P4,OCDA_FL1S,-18.805575,147.66835,5.4,5.4,Davies,Flank1,5m,Shallow,Plot4,NA,NA,2022,Flank,Flank1,plot coordinates from AG,NA,,NA,NA,NA,,NA,
RRAP-ECO03-2022-Shys-OCDA-BLCH119B_L2,,RRAP-ECO03-2022-Shys-OCDA-BLCH119B,batch1,L2,OCDA-BLCH119B,BLCH119B,OCDA,OCDA_FL1S_P4,OCDA_FL1S,-18.805575,147.66835,5.4,5.4,Davies,Flank1,5m,Shallow,Plot4,NA,NA,2022,Flank,Flank1,plot coordinates from AG,NA,,NA,NA,NA,,NA,
RRAP-ECO03-2023-Shys-OCDA-1826-rep_L2,,RRAP-ECO03-2023-Shys-OCDA-1826-rep,batch1,L2,OCDA-1826-rep,1826,OCDA,OCDA_FR1D_P3,OCDA_FR1D,-18.81925,147.66413,10,10,Davies,Front1,10m,Deep,Plot3,NA,NA,2023,Front,Front1,plot coordinates from AG,NA,,NA,NA,NA,,NA,
RRAP-ECO03-2023-Shys-OCDA-1718_L1,,RRAP-ECO03-2023-Shys-OCDA-1718,batch1,L1,OCDA-1718,1718,OCDA,OCDA_FR2D_P2,OCDA_FR2D,-18.83180932,147.6526864,11,11,Davies,Front2,10m,Deep,Plot2,NA,NA,2023,Front,Front2,plot coordinates from AG,NA,,NA,NA,NA,,NA,outlier
RRAP-ECO03-2022-Shys-OCDA-BLCH70B_L2,,RRAP-ECO03-2022-Shys-OCDA-BLCH70B,batch1,L2,OCDA-BLCH70B,BLCH70B,OCDA,OCDA_FR2S_P4,OCDA_FR2S,-18.83150833,147.6528006,5.7,5.7,Davies,Front2,5m,Shallow,Plot4,NA,NA,2022,Front,Front2,plot coordinates from AG,NA,,NA,NA,NA,,NA,
RRAP-ECO03-2023-Shys-ONLI-2987_L1,,RRAP-ECO03-2023-Shys-ONLI-2987,batch1,L1,ONLI-2987,2987,ONLI,ONLI_LA2S_P1,ONLI_LA2S,-14.686861,145.454972,1.2,1.2,Lizard,NA,5m,Shallow,NA,1.2,>50,2023,Lagoon,Lagoon2,original coordinates,computer depth,,NA,NA,NA,,NA,
RRAP-ECO03-2023-Shys-ONLI-3012_L3,part of plate4 renamed,RRAP-ECO03-2023-Shys-ONLI-3012,batch1,L3,ONLI-3012,3012,ONLI,ONLI_TA1S_P2,ONLI_TA1S,-14.685111,145.466972,1.1,1.1,Lizard,NA,5m,Shallow,NA,1.1,30,2023,Lagoon,Tail1,original coordinates,computer depth,,NA,NA,NA,,NA,
RRAP-ECO03-2022-Shys-TSMA-984_L2,,RRAP-ECO03-2022-Shys-TSMA-984,batch1,L2,TSMA-984,984,TSMA,TSMA_BA2D_P3,TSMA_BA2D,-9.74409,143.41574,8.8,8.8,Masig,Back2,10m,Deep,Plot3,NA,NA,2022,Back,Back2,original coordinates,NA,,NA,NA,NA,,NA,outlier
RRAP-ECO03-2022-Shys-TSMA-1020_L2,,RRAP-ECO03-2022-Shys-TSMA-1020,batch1,L2,TSMA-1020,1020,TSMA,TSMA_FL1S_P2,TSMA_FL1S,-9.759895,143.39796,3.3,3.3,Masig,Flank1,5m,Shallow,Plot2,NA,NA,2022,Flank,Flank1,original coordinates,NA,,NA,NA,NA,,NA,
RRAP-ECO03-2022-Shys-TSMA-1008_L1,,RRAP-ECO03-2022-Shys-TSMA-1008,batch1,L1,TSMA-1008,1008,TSMA,TSMA_FL1S_P3,TSMA_FL1S,-9.759895,143.39796,3.8,3.8,Masig,Flank1,5m,Shallow,Plot3,NA,NA,2022,Flank,Flank1,original coordinates,NA,,NA,NA,NA,,NA,outlier
RRAP-ECO03-2022-Shys-TSMA-915_L1,,RRAP-ECO03-2022-Shys-TSMA-915,batch1,L1,TSMA-915,915,TSMA,TSMA_FR1S_P2,TSMA_FR1S,-9.76224,143.421395,3.7,3.7,Masig,Front1,5m,Shallow,Plot2,NA,NA,2022,Front,Front1,original coordinates,NA,,NA,NA,NA,,NA,
RRAP-ECO03-2022-Shys-TSMA-921_L1,,RRAP-ECO03-2022-Shys-TSMA-921,batch1,L1,TSMA-921,921,TSMA,TSMA_FR1S_P3,TSMA_FR1S,-9.76224,143.421395,3.7,3.7,Masig,Front1,5m,Shallow,Plot3,NA,NA,2022,Front,Front1,original coordinates,NA,,NA,NA,NA,,NA,
RRAP-ECO03-2023-Shys-ONLI-2371_L4,,RRAP-ECO03-2023-Shys-ONLI-2371,batch2,L4,ONLI-2371,2371,ONLI,ONLI_FR1S,ONLI_FR1S,-14.69179039,145.4691158,3,NA,Lizard,NA,5m,Shallow,NA,NA,NA,2023,Front,Front1,ONLI_FR1S_P1,NA,,NA,outgroup,NA,,outgroup,outlier
RRAP-ECO03-2023-Shys-ONLI-2892_L1,,RRAP-ECO03-2023-Shys-ONLI-2892,batch1,L1,ONLI-2892,2892,ONLI,ONLI_BA2S_P4,ONLI_BA2S,-14.6679995,145.4417655,4.8,4.8,Lizard,Back2,5m,Shallow,Plot4,4.2,10,2023,Back,Back2,plot coordinates from AG,plot depth from AG,,NA,outgroup,NA,,outgroup,outlier